0,rider/Greg_Van_Avermaet
1,rider/Peter_Sagan
2,rider/Christopher_Froome
3,rider/Alexander_Kristoff
4,rider/Tom_Dumoulin
5,rider/Vincenzo_nibali
6,rider/Alejandro_Valverde
7,rider/Alberto_Contador
8,rider/Michal_Kwiatkowski
9,rider/Michael_Matthews
10,rider/Philippe_Gilbert
11,rider/Daniel_Martin_1
12,rider/Thibaut_Pinot
13,rider/nairo_Quintana
14,rider/Elia_Viviani
15,rider/Diego_Ulissi
16,rider/Rigoberto_Uran
17,rider/Arnaud_Demare
18,rider/Andre_Greipel
19,rider/Primoz_Roglic
20,rider/Romain_Bardet
21,rider/Matteo_Trentin
22,rider/Ilnur_Zakarin
23,rider/Mikel_Landa
24,rider/Edvald_Boasson_Hagen
25,rider/nacer_Bouhanni
26,rider/Fabio_Aru
27,rider/Dylan_Groenewegen
28,rider/Richie_Porte
29,rider/Sonny_Colbrelli
30,rider/Marcel_Kittel
31,rider/Domenico_Pozzovivo
32,rider/Fernando_Gaviria
33,rider/Bauke_Mollema
34,rider/Jasper_Stuyven
35,rider/Rui_Costa
36,rider/John_Degenkolb
37,rider/Dylan_Teuns
38,rider/Rafal_Majka
39,rider/Wilco_Kelderman
40,rider/Tony_Gallopin
41,rider/Oliver_naesen
42,rider/Tim_Wellens
43,rider/Adam_Yates
44,rider/Michael_Albasini
45,rider/Simon_Yates
46,rider/Tiesj_Benoot
47,rider/Julian_Alaphilippe
48,rider/Sergio_Luis_Henao
49,rider/Rohan_Dennis
50,rider/Warren_Barguil
51,rider/Ion_Izagirre
52,rider/Jean_pierre_Drucker
53,rider/Aleksey_Lutsenko
54,rider/Geraint_Thomas
55,rider/Sam_Bennett
56,rider/Lilian_Calmejane
57,rider/Alexis_Vuillermoz
58,rider/Caleb_Ewan
59,rider/Tejay_Van_Garderen
60,rider/Bob_Jungels
61,rider/Louis_Meintjes
62,rider/Gianni_Moscon
63,rider/Wout_Poels
64,rider/Jakob_Fuglsang
65,rider/Damiano_Caruso
66,rider/Sacha_Modolo
67,rider/Marco_Canola
68,rider/Edward_Theuns
69,rider/nicolas_Roche
70,rider/Egan_Bernal
71,rider/Jonathan_Castroviejo
72,rider/Giovanni_Visconti
73,rider/Stefan_Kung
74,rider/Michael_Woods
75,rider/Miguel_Angel_Lopez
76,rider/Fabio_Felline
77,rider/Jasper_De_Buyst
78,rider/David_de_la_Cruz
79,rider/Steven_Kruijswijk
80,rider/Jens_Keukeleire
81,rider/Simon_Spilak
82,rider/Sep_Vanmarcke
83,rider/Emanuel_Buchmann
84,rider/Jakub_Mareczko
85,rider/Zdenek_Stybar
86,rider/Francesco_Gavazzi
87,rider/Soren_Kragh_Andersen
88,rider/nathan_Haas
89,rider/Sylvain_Chavanel
90,rider/Julien_Simon
91,rider/Mattia_Cattaneo
92,rider/Johan_Esteban_Chaves
93,rider/Luis_Leon_Sanchez
94,rider/Sam_Oomen
95,rider/Mikel_nieve
96,rider/Arthur_Vichot
97,rider/Silvan_Dillier
98,rider/Luke_Durbridge
99,rider/Yves_Lampaert
100,rider/Quentin_Pacher
101,rider/Jack_Bauer
102,rider/Fabian_Lienhard
103,rider/Juan_Sebastian_Molano
104,rider/Jetse_Bol
105,rider/Alex_Dowsett
106,rider/Sergey_Shilov
107,rider/Filippo_Pozzato
108,rider/Arvin_Moazemi_Goudarzi
109,rider/Ilia_Koshevoy
110,rider/Hugo_Houle
111,rider/Olivier_Pardini
112,rider/Joseph_Cooper
113,rider/Damien_Gaudin
114,rider/Simone_Petilli
115,rider/Mads_Wurtz_Schmidt
116,rider/Robert_Power
117,rider/Maarten_Wynants
118,rider/Lawrence_Warbasse
119,rider/Marco_Marcato
120,rider/Andre_Looij
121,rider/Dmitry_Strakhov
122,rider/Issak_Tesfom_Okubamariam
123,rider/Meron_Teshome
124,rider/Michael_Hepburn
125,rider/Brenton_Jones
126,rider/Pier_Paolo_De_negri
127,rider/Robin_Carpenter
128,rider/Salvador_Guardiola
129,rider/Marco_Benfatto
130,rider/Andrey_Zeits
131,rider/Rahim_Emami
132,rider/Rory_Sutherland
133,rider/Damiano_Cunego
134,rider/Eduardo_Sepulveda
135,rider/Sebastien_Delfosse
136,rider/Davide_Rebellin
137,rider/Quentin_Jauregui
138,rider/Arvid_De_Kleijn
139,rider/nicola_Gaffurini
140,rider/Michael_Gogl
141,rider/Thomas_Lebas
142,rider/Jeremy_Leveau
143,rider/Ben_O_Connor
144,rider/Danilo_Celano
145,rider/Patrick_Schelling
146,rider/Hugo_Hofstetter
147,rider/Fabien_Grellier
148,rider/Fredrik_Hagen_Carl
149,rider/Jose_Herrada
150,rider/Enrico_Barbin
151,rider/Ivan_Santaromita
152,rider/Neilson_Powless
153,rider/Kristoffer_Halvorsen
154,rider/Imanol_Erviti
155,rider/Jelle_Wallays
156,rider/Christopher_Lawless
157,rider/Julien_Bernard
158,rider/Antonio_Santoro
159,rider/Lasse_norman_Hansen
160,rider/Joao_Benta
161,rider/Mikkel_Bjerg
162,rider/Benjamin_Giraud
163,rider/Kenny_Elissonde
164,rider/Sergiy_Lagkuti
165,rider/Alexander_Krieger
166,rider/Yousef_Mohamed_Mirza
167,rider/Yoann_Offredo
168,rider/Thomas_Sprengers
169,rider/Nick_Van_Der_Lijke
170,rider/Albert_Timmer
171,rider/Willie_Smit
172,rider/Elmar_Reinders
173,rider/Jesus_Del_Pino
174,rider/Matti_Breschel
175,rider/Emiel_Vermeulen
176,rider/Victor_De_La_Parte
177,rider/Gianni_Vermeersch
178,rider/Jordan_Levasseur
179,rider/Giacomo_Nizzolo
180,rider/Dmitriy_Gruzdev
181,rider/Kevin_Le_Cunff
182,rider/Manuel_Quinziato
183,rider/Sven_Erik_Bystrm
184,rider/Matteo_Busato
185,rider/Alan_Banaszek
186,rider/Raymond_Kreder
187,rider/Jonathan_Clarke
188,rider/Jeremy_Lecroq
189,rider/Koen_De_Kort
190,rider/nicola_Toffali
191,rider/Scott_Sunderland_2
192,rider/Olivier_Le_Gac
193,rider/Winner_Anacona
194,rider/Miles_Scotson
195,rider/Marco_Minnaard
196,rider/Rafael_Andriato
197,rider/Tobias_Ludvigsson
198,rider/Karl_Patrick_Lauk
199,rider/Igor_Anton
200,rider/Thibault_Ferasse
201,rider/Zhandos_Bizhigitov
202,rider/Ildar_Arslanov
203,rider/Davide_Mucelli
204,rider/Meron_Abraham
205,rider/Louis_Vervaeke
206,rider/Kyeongho_Min
207,rider/Delio_Fernandez
208,rider/David_Menut
209,rider/Pascal_Ackermann
210,rider/Maris_Bogdanovics
211,rider/Pavel_Sivakov
212,rider/Fran_Ventoso
213,rider/Manuele_Mori
214,rider/Silvio_Herklotz
215,rider/Julien_El_Fares
216,rider/Romain_Combaud
217,rider/Martijn_Tusveld
218,rider/Simon_Geschke
219,rider/Angel_Madrazo
220,rider/Garikoitz_Bravo
221,rider/Adil_Jelloul
222,rider/Marco_Frapporti
223,rider/Luca_Chirico
224,rider/Jeroen_Meijers
225,rider/Haimar_Zubeldia
226,rider/Ondrej_Cink
227,rider/German_nicolas_Tivani_Perez
228,rider/Hamid_Pourhashemi
229,rider/Peter_Kennaugh
230,rider/nick_Schultz
231,rider/Kevin_Rivera
232,rider/Alexander_Evtushenko
233,rider/Ivan_Savitskiy
234,rider/Alexander_Kamp
235,rider/Bjorg_Lambrecht
236,rider/Matej_Mugerli
237,rider/Thomas_Degand
238,rider/Robbie_Hucker
239,rider/Matteo_Malucelli
240,rider/Hermann_Pernsteiner
241,rider/Daniel_Alexander_Jaramillo_Diez
242,rider/Mykhaylo_Kononenko
243,rider/Jonas_Koch
244,rider/Pierpaolo_Ficara
245,rider/Paolo_Toto
246,rider/Alejandro_Marque
247,rider/Krists_neilands
248,rider/Michael_Schar
249,rider/Pieter_Vanspeybrouck
250,rider/Lukasz_Owsian
251,rider/Franck_Bonnamour
252,rider/Riccardo_Zoidl
253,rider/Florian_Vachon
254,rider/Reto_Hollenstein
255,rider/Ian_Stannard
256,rider/Juraj_Sagan
257,rider/Alois_Kankovsky
258,rider/Koen_Bouwman
259,rider/Remy_Di_Gregorio
260,rider/Michael_Schwarzmann
261,rider/David_Lopez
262,rider/Fabio_Jakobsen
263,rider/Bert_Jan_Lindeman
264,rider/Mirko_Trosino
265,rider/Bjorn_Tore_nilsen_Hoem
266,rider/Oscar_Riesebeek
267,rider/Stephen_Cummings
268,rider/Danilo_napolitano
269,rider/Simone_Ponzi
270,rider/Floris_De_Tier
271,rider/Edward_Planckaert
272,rider/Bakhtiyar_Kozhatayev
273,rider/Amir_Kolahdozhagh
274,rider/Jelle_Mannaerts
275,rider/Andreas_Vangstad
276,rider/Johannes_Frohlinger
277,rider/Jai_Crawford
278,rider/Thomas_Scully
279,rider/Jacques_Janse_van_Rensburg
280,rider/Anthony_Turgis
281,rider/Francisco_Mancebo
282,rider/Aldemar_Reyes
283,rider/Zemenfes_Solomon
284,rider/Pieter_Serry
285,rider/Jonas_Rickaert
286,rider/Laurens_Ten_Dam
287,rider/Stephane_Rossetto
288,rider/Sebastian_Henao
289,rider/Luka_Pibernik
290,rider/Bjorn_Thurau
291,rider/Nikolas_Maes
292,rider/Jhonatan_Narvaez
293,rider/nikodemus_Holler
294,rider/John_Murphy
295,rider/Roger_Kluge
296,rider/Kasper_Asgreen
297,rider/Ricardo_Vilela
298,rider/Mikael_Cherel
299,rider/Anthony_Giacoppo
300,rider/Mitchell_Docker
301,rider/Oscar_Gatto
302,rider/Dries_Van_Gestel
303,rider/Daniele_Bennati
304,rider/Laurens_De_Plus
305,rider/Lucas_Hamilton
306,rider/Oscar_Pujol_Munoz
307,rider/nathan_Earle
308,rider/Andrew_Talansky
309,rider/Twan_Castelijns
310,rider/Remi_Cavagna
311,rider/Fausto_Masnada
312,rider/Maurits_Lammertink
313,rider/Enrico_Battaglin
314,rider/Ryan_Mullen
315,rider/Gianluca_Brambilla
316,rider/Maxime_Bouet
317,rider/Alessandro_De_Marchi
318,rider/Ahmet_orken
319,rider/Julien_Vermote
320,rider/Kristian_Sbaragli
321,rider/Boy_Van_Poppel
322,rider/Rudy_Molard
323,rider/Leonardo_Duque
324,rider/Valerio_Conti
325,rider/Benoit_Cosnefroy
326,rider/Jonathan_Dibben
327,rider/Daniel_Felipe_Martinez
328,rider/Yonathan_Monsalve
329,rider/Gavin_Mannion
330,rider/Lorrenzo_Manzin
331,rider/Eduard_Prades
332,rider/Liam_Bertazzo
333,rider/Diego_Rosa
334,rider/Alex_Kirsch
335,rider/Andrea_Palini
336,rider/Mike_Teunissen
337,rider/Anthony_Roux
338,rider/Lachlan_Morton
339,rider/nils_Politt
340,rider/Damien_Touze
341,rider/Manuel_Belletti
342,rider/Riccardo_Minali
343,rider/Daniel_Navarro
344,rider/Maxime_Monfort
345,rider/Loic_Vliegen
346,rider/Andrei_Grivko
347,rider/Tsgabu_Gebremaryam_Grmay
348,rider/Matteo_Pelucchi
349,rider/Tom_Devriendt
350,rider/Yukiya_Arashiro
351,rider/Jai_Hindley
352,rider/Patrick_Bevin
353,rider/Anthony_Perez
354,rider/Hubert_Dupont
355,rider/Mathew_Hayman
356,rider/Joey_Rosskopf
357,rider/Martin_Madsen
358,rider/Stef_Clement
359,rider/Peter_Stetina
360,rider/Davide_Cimolai
361,rider/Jan_Barta
362,rider/Kamil_Zielinski
363,rider/Ivan_Garcia_Cortina
364,rider/Michael_Storer
365,rider/Alexis_Gougeard
366,rider/Peter_Schulting
367,rider/Kirill_Pozdnyakov
368,rider/Casper_Pedersen
369,rider/Felix_Grossschartner
370,rider/Dimitri_Claeys
371,rider/Mekseb_Debesay
372,rider/Scott_Thwaites
373,rider/Andrea_Vendrame
374,rider/Alexander_Edmondson
375,rider/Dario_Cataldo
376,rider/Maximilian_Schachmann
377,rider/Alberto_Cecchin
378,rider/Jonas_Van_Genechten
379,rider/Simon_Clarke
380,rider/Romain_Sicard
381,rider/Karol_Domagalski
382,rider/Toms_Skujins
383,rider/Oleksandr_Polivoda
384,rider/Dimitri_Peyskens
385,rider/Viacheslav_Kuznetsov
386,rider/Michele_Scarponi
387,rider/Rob_Ruijgh
388,rider/Elie_Gesbert
389,rider/Dion_Smith
390,rider/Lennard_Hofstede
391,rider/Ilya_Davidenok
392,rider/Andriy_Vasylyuk
393,rider/Jesper_Asselman
394,rider/Yohann_Gene
395,rider/Marek_Rutkiewicz
396,rider/Franco_Pellizotti
397,rider/Marcus_Burghardt
398,rider/Taylor_Eisenhart
399,rider/Ian_Bibby
400,rider/Gediminas_Bagdonas
401,rider/Hugh_Carthy
402,rider/Lukasz_Wisniowski
403,rider/Lawrence_naesen
404,rider/Bart_De_Clercq
405,rider/Emils_Liepins
406,rider/Laurens_De_Vreese
407,rider/Michal_Golas
408,rider/Rein_Taaramae
409,rider/Zakkari_Dempster
410,rider/Marco_Haller
411,rider/Torkil_Veyhe
412,rider/Alan_Marangoni
413,rider/Ahmed_Amine_Galdoune
414,rider/Romain_Cardis
415,rider/Aime_De_Gendt
416,rider/Pawel_Franczak
417,rider/Amanuel_Gebrezgabihier
418,rider/Mark_Christian
419,rider/Janier_Alexis_Acevedo
420,rider/Salvatore_Puccio
421,rider/Jan_willem_Van_Schip
422,rider/Kiel_Reijnen
423,rider/Armindo_Fonseca
424,rider/Salah_Eddine_Mraouni
425,rider/Lars_Ytting_Bak
426,rider/Lorenzo_Rota
427,rider/Floris_Gerts
428,rider/James_Oram
429,rider/Danilo_Wyss
430,rider/Ben_Gastauer
431,rider/Michael_Morkov
432,rider/Amael_Moinard
433,rider/Jasper_Philipsen
434,rider/Daniel_Hoelgaard
435,rider/Marcel_Sieberg
436,rider/Nelson_Soto
437,rider/Jose_Vicente_Toribio
438,rider/Adam_Stachowiak
439,rider/Rok_Korosec
440,rider/Christophe_noppe
441,rider/Axel_Domont
442,rider/Matthieu_Ladagnous
443,rider/Federico_Zurlo
444,rider/Tim_Merlier
445,rider/Natnael_Berhane
446,rider/Sang_hong_Park
447,rider/Dorian_Godon
448,rider/Zico_Waeytens
449,rider/Grega_Bole
450,rider/Jasper_De_Laat
451,rider/Edward_Ravasi
452,rider/Timothy_Roe
453,rider/Ma_Guangtong
454,rider/Henrique_Casimiro
455,rider/Radoslav_Rogina
456,rider/Enrico_Gasparotto
457,rider/Brian_Van_Goethem
458,rider/Alexey_Vermeulen
459,rider/Alexander_Porsev
460,rider/Cristian_Rodriguez
461,rider/Francesco_Manuel_Bongiorno
462,rider/Roman_Maikin
463,rider/Tiago_Machado
464,rider/nicolai_Brochner
465,rider/Jacopo_Mosca
466,rider/Luca_Pacioni
467,rider/Javier_Moreno
468,rider/Cristian_Raileanu
469,rider/Patrik_Tybor
470,rider/Samuel_Sanchez
471,rider/Fabricio_Ferrari
472,rider/Laurens_Sweeck
473,rider/Giuseppe_Fonzi
474,rider/nathan_Brown
475,rider/Diego_Rubio
476,rider/Valentin_Baillifard
477,rider/Asbjorn_Kragh_Andersen
478,rider/Jeremy_Roy
479,rider/Matthias_Lesley
480,rider/Magno_Prado
481,rider/Thomas_Stewart
482,rider/Erwann_Corbel
483,rider/Deins_Kanepejs
484,rider/Julien_Antomarchi
485,rider/Jarl_Salomein
486,rider/Antwan_Tolhoek
487,rider/Robert_Kiserlovski
488,rider/Boris_Vallee
489,rider/Oleksandr_Golovash
490,rider/Kevin_Reza
491,rider/Marco_Zamparella
492,rider/Riccardo_Stacchiotti
493,rider/Georg_Preidler
494,rider/Audun_Brekke_Flotten
495,rider/Chris_Butler
496,rider/Eduard_Vorganov
497,rider/Jonathan_Lastra
498,rider/Marco_Tizza
499,rider/Jonas_Gregaard
500,rider/Dusan_Rajovic
501,rider/Edward_Irl_Dunbar
502,rider/Evgeny_Shalunov
503,rider/Wilmar_Paredes
504,rider/Filippo_Fortin
505,rider/Kevyn_Ista
506,rider/Dennis_Van_Winden
507,rider/Jimmy_Janssens
508,rider/Christian_Knees
509,rider/Adam_Hansen
510,rider/Tom_Bohli
511,rider/Chris_Hamilton
512,rider/Meiyin_Wang
513,rider/Robin_Stenuit
514,rider/Markus_Hoelgaard
515,rider/Timothy_Stevens
516,rider/Borut_Bozic
517,rider/Piotr_Brozyna
518,rider/Valens_ndayisenga
519,rider/Tadej_Pogacar
520,rider/Yannis_Yssaad
521,rider/Ryota_nishizono
522,rider/Davide_Martinelli
523,rider/Pawel_Bernas
524,rider/Brendan_Canty
525,rider/Bram_Tankink
526,rider/Ruben_Fernandez
527,rider/William_Clarke
528,rider/Michal_Schlegel
529,rider/Krister_Hagen
530,rider/Roman_Villalobos
531,rider/Jingbiao_Zhao
532,rider/Michael_Carbel
533,rider/Youcef_Reguigui
534,rider/Kenneth_Van_Bilsen
535,rider/Grzegorz_Stepniak
536,rider/Harry_Tanfield
537,rider/Maxime_Daniel
538,rider/Matias_Munoz
539,rider/Sergey_Firsanov
540,rider/Christoph_Pfingsten
541,rider/Kanstantsin_Siutsou
542,rider/Ruslan_Tleubayev
543,rider/Chad_Haga
544,rider/Janez_Brajkovic
545,rider/Markel_Irizar
546,rider/Daniel_Turek
547,rider/Roy_Curvers
548,rider/Chris_Harper
549,rider/Davide_Orrico
550,rider/Kristijan_Durasek
551,rider/Jiri_Polnicky
552,rider/Ivan_Rovny
553,rider/Mirsamad_Pourseyedi
554,rider/Matvey_Mamykin
555,rider/Jesse_Featonby
556,rider/Clement_Chevrier
557,rider/Matteo_Montaguti
558,rider/Pawel_Cieslik
559,rider/Davide_Ballerini
560,rider/Aksel_nommela
561,rider/Martin_Elmiger
562,rider/Tom_Leezer
563,rider/Marcos_Garcia
564,rider/Antonino_Parrinello
565,rider/Hernan_Aguirre
566,rider/Alberto_Losada
567,rider/Mathias_norsgaard
568,rider/Edvaldas_Siskevicius
569,rider/Carlos_Eduardo_Alzate
570,rider/Soufiane_Sahbaoui
571,rider/Preben_Van_Hecke
572,rider/James_Piccoli
573,rider/Jaco_Venter
574,rider/Logan_Owen
575,rider/Kevin_De_Jonghe
576,rider/Simone_Andreetta
577,rider/Mikel_Aristi
578,rider/Cesare_Benedetti
579,rider/James_Gullen
580,rider/Kamil_Gradek
581,rider/Eros_Capecchi
582,rider/Philip_Deignan
583,rider/Gustavo_Cesar_Veloso
584,rider/Peeter_Pruus
585,rider/Joe_Dombrowski
586,rider/Sean_De_Bie
587,rider/Edgar_Pinto
588,rider/Fumiyuki_Beppu
589,rider/Lachlan_norris
590,rider/Alexey_Tsatevich
591,rider/Frederico_Figueiredo
592,rider/Benat_Txoperena
593,rider/Jerome_Mainard
594,rider/Branislau_Samoilau
595,rider/Aleksejs_Saramotins
596,rider/Pierre_Gouault
597,rider/Robert_Wagner
598,rider/Sindre_Skjoestad_Lunke
599,rider/Nikita_Stalnov
600,rider/Gorka_Izagirre
601,rider/Jan_Bakelants
602,rider/George_Bennett
603,rider/Michael_Valgren_Andersen
604,rider/Tony_Martin
605,rider/Guillaume_Martin
606,rider/Vasil_Kiryienka
607,rider/Rudy_Barbier
608,rider/Brent_Bookwalter
609,rider/Magnus_Cort_nielsen
610,rider/Marc_Soler
611,rider/Carlos_Barbero
612,rider/Raul_Alarcon
613,rider/Jaime_Roson
614,rider/Patrick_Konrad
615,rider/Ben_Hermans
616,rider/Jose_Joaquin_Rojas
617,rider/Jesus_Herrada_Lopez
618,rider/Laurent_Pichon
619,rider/Wout_Van_Aert
620,rider/Matej_Mohoric
621,rider/Romain_Hardy
622,rider/Lars_Boom
623,rider/Jan_Polanc
624,rider/August_Jensen
625,rider/niki_Terpstra
626,rider/Petr_Vakoc
627,rider/Jay_Mccarthy
628,rider/Maxime_Vantomme
629,rider/Ben_Swift
630,rider/Andrea_Pasqualon
631,rider/Sander_Armee
632,rider/nikias_Arndt
633,rider/Kenny_Dehaes
634,rider/Jos_Van_Emden
635,rider/Justin_Jules
636,rider/Mads_Pedersen
637,rider/Xandro_Meurisse
638,rider/Max_Walscheid
639,rider/Mauro_Finetto
640,rider/Jack_Haig
641,rider/Simon_Gerrans
642,rider/Pierre_Latour
643,rider/Ariel_Maximiliano_Richeze
644,rider/Jan_Tratnik
645,rider/Timothy_Dupont
646,rider/Danny_Van_Poppel
647,rider/Benjamin_Thomas_2
648,rider/Rudiger_Selig
649,rider/Coen_Vermeltfoort
650,rider/Mathias_Frank
651,rider/Tao_Geoghegan_Hart
652,rider/Adrien_Petit
653,rider/Alexandre_Geniez
654,rider/Tom_Jelte_Slagter
655,rider/Jon_Aberasturi
656,rider/Lukas_Postlberger
657,rider/Oscar_Sevilla
658,rider/Jonathan_Hivert
659,rider/Serghei_Tvetcov
660,rider/Ryan_Gibbons
661,rider/Clement_Venturini
662,rider/Pierre_Rolland
663,rider/Alberto_Bettiol
664,rider/Daniel_Mclay
665,rider/Jens_Debusschere
666,rider/Robert_Gesink
667,rider/Juan_Jose_Lobato
668,rider/Roy_Jans
669,rider/Mathieu_Van_Der_Poel
670,rider/Victor_Campenaerts
671,rider/Rick_Zabel
672,rider/Mauricio_Ortega_Ramirez
673,rider/Christopher_Juul_jensen
674,rider/Luke_Rowe
675,rider/Phil_Bauhaus
676,rider/Stanislau_Bazhkou
677,rider/Bert_Van_Lerberghe
678,rider/Luka_Mezgec
679,rider/Taco_Van_Der_Hoorn
680,rider/Michel_Kreder
681,rider/David_Gaudu
682,rider/Jarlinson_Pantano
683,rider/Simone_Consonni
684,rider/Enric_Mas
685,rider/Dylan_Van_Baarle
686,rider/Serge_Pauwels
687,rider/Lennard_Kamna
688,rider/Christophe_Laporte
689,rider/Moreno_Hofland
690,rider/Yevgeniy_Gidich
691,rider/Alex_Howes
692,rider/Joeri_Stallaert
693,rider/Edwin_Avila
694,rider/Manuel_Senni
695,rider/Amaro_Manuel_Antunes
696,rider/Jan_Hirt
697,rider/Richard_Carapaz
698,rider/Merhawi_Kudus
699,rider/Frederik_Backaert
700,rider/Baptiste_Planckaert
701,rider/Eliot_Lietaer
702,rider/Maciej_Paterski
703,rider/Florian_Senechal
704,rider/Jesper_Hansen_1
705,rider/nicolas_Edet
706,rider/Pieter_Weening
707,rider/Mihkel_Raim
708,rider/Davide_Villella
709,rider/Pim_Ligthart
710,rider/Wouter_Wippert
711,rider/Travis_Mccabe
712,rider/Damien_Howson
713,rider/Tomasz_Marczynski
714,rider/Benjamin_Prades_Reverter
715,rider/Roman_Kreuziger_1
716,rider/Guillaume_Boivin
717,rider/Daryl_Impey
718,rider/Adam_Blythe
719,rider/Mark_Cavendish
720,rider/Ian_Boswell
721,rider/Amund_Grondahl_Jansen
722,rider/Rasmus_Guldhammer
723,rider/Rob_Britton
724,rider/Jhonatan_Restrepo
725,rider/Matthias_Brandle
726,rider/Huub_Duijn
727,rider/nelson_Oliveira
728,rider/Vegard_Stake_Laengen
729,rider/Daniel_Moreno
730,rider/John_Darwin_Atapuma
731,rider/Marc_Sarreau
732,rider/Flavien_Dassonville
733,rider/Omar_Fraile
734,rider/Roberto_Ferrari
735,rider/Sebastien_Reichenbach
736,rider/Rafael_Valls
737,rider/Reinardt_Janse_Van_Rensburg
738,rider/Timo_Roosen
739,rider/Rinaldo_nocentini
740,rider/Iljo_Keisse
741,rider/Sergio_Pardilla
742,rider/Siarhei_Papok
743,rider/Jelle_Vanendert
744,rider/Sergei_Chernetckii
745,rider/Pello_Bilbao
746,rider/Maciej_Bodnar
747,rider/Thomas_Boudat
748,rider/Sebastian_Langeveld
749,rider/Thomas_De_Gendt
750,rider/Davide_Formolo
751,rider/Jasha_Sutterlin
752,rider/Owain_Doull
753,rider/Vicente_Garcia_de_Mateus_Rubio
754,rider/Anthony_Delaplace
755,rider/Tanel_Kangert
756,rider/Niccolo_Bonifazio
757,rider/Samuel_Dumoulin
758,rider/Evan_Huffman
759,rider/Andrey_Amador
760,rider/Josef_Cerny
761,rider/Cameron_Bayley
762,rider/Marko_Kump
763,rider/Tosh_Van_Der_Sande
764,rider/Tom_Van_Asbroeck
765,rider/Jurgen_Roelandts
766,rider/Iuri_Filosi
767,rider/Cameron_Meyer
768,rider/Paul_Martens
769,rider/Carlos_Betancur
770,rider/Ruben_Guerreiro
771,rider/Stefan_Denifl
772,rider/Carlos_Verona
773,rider/Przemyslaw_niemiec
774,rider/Dries_Devenyns
775,rider/Odd_Christian_Eiking
776,rider/Vitaliy_Buts
777,rider/Luis_Angel_Mate
778,rider/Pierre_Luc_Perichon
779,rider/Jose_Goncalves
780,rider/Giulio_Ciccone
781,rider/Yonder_Godoy
782,rider/Colin_Stussi
783,rider/Eduard_Michael_Grosu
784,rider/Gregor_Muhlberger
785,rider/Julien_Loubet
786,rider/Cyril_Gautier
787,rider/Bryan_Coquard
788,rider/Jerome_Baugnies
789,rider/Sepp_Kuss
790,rider/Tom_Boonen
791,rider/Johan_Le_Bon
792,rider/Ramon_Sinkeldam
793,rider/Guillaume_Van_Keirsbulck
794,rider/Ignatas_Konovalovas
795,rider/Rodolfo_Andres_Torres
796,rider/Pawel_Poljanski
797,rider/Nicolas_Marini
798,rider/Brice_Feillu
799,rider/Daniel_Oss
800,rider/Sylwester_Janiszewski
801,rider/Daniel_Pearson
802,rider/Ricardo_Mestre
803,rider/Alo_Jakin
804,rider/Arnaud_Courteille
805,rider/Dylan_Page
806,rider/Truls_Korsaeth
807,rider/Maxim_Belkov
808,rider/Matvey_nikitin
809,rider/Pablo_Torres
810,rider/Aaron_Gate
811,rider/Taylor_Phinney
812,rider/Hideto_nakane
813,rider/Joseph_Areruya
814,rider/Albert_Torres
815,rider/Kilian_Frankiny
816,rider/Jeremy_Maison
817,rider/David_Arroyo
818,rider/Hector_Carretero
819,rider/Jesus_Hernandez_3
820,rider/Mikel_Bizkarra
821,rider/Alex_Diniz
822,rider/Stephan_Rabitsch
823,rider/Islam_Mansouri
824,rider/Manuele_Boaro
825,rider/Bernhard_Eisel
826,rider/Antonio_Molina
827,rider/Gregory_Rast
828,rider/Antonio_Carvalho
829,rider/Victor_nino
830,rider/Daniel_Summerhill
831,rider/Mathias_Le_Turnier
832,rider/Gert_Joeaar
833,rider/Daniel_Dominguez
834,rider/Elcin_Asadov
835,rider/Fernando_Orjuela
836,rider/Rafael_Reis
837,rider/Heinrich_Haussler
838,rider/Awet_Habtom
839,rider/Nicola_Ruffoni
840,rider/Dayer_Quintana_Rojas
841,rider/Yoann_Bagot
842,rider/Anthony_Maldonado
843,rider/Hayden_Mccormick
844,rider/nicolae_Tanovitchii
845,rider/Matija_Kvasina
846,rider/Mathias_De_Witte
847,rider/Saeeid_Safar_Zadeh
848,rider/Alex_Aranburu
849,rider/nigel_Ellsay
850,rider/Theodore_Yates
851,rider/Miguel_Angel_Benito
852,rider/Stijn_Devolder
853,rider/Pavel_Brutt
854,rider/Ok_Cheol_Kim
855,rider/Perrig_Quemeneur
856,rider/Julien_Duval
857,rider/Antonio_Pedrero
858,rider/Jimmy_Raibaud
859,rider/David_Belda
860,rider/Rui_Vinhas
861,rider/Ivan_Ramiro_Sosa
862,rider/Jose_Alfredo_Aguirre
863,rider/Romain_Le_Roux
864,rider/Chun_Wing_Leung
865,rider/Colin_Joyce
866,rider/Jack_Burke
867,rider/Svein_Tuft
868,rider/Arnold_Jeannesson
869,rider/David_Boucher
870,rider/Enrique_Sanz
871,rider/Benjamin_Hill
872,rider/Francois_Bidard
873,rider/Frantisek_Sisr
874,rider/Daniel_Mestre
875,rider/Ryan_Roth
876,rider/Kevin_Ledanois
877,rider/Bruno_Langlois
878,rider/Pascal_Eenkhoorn
879,rider/Benoit_Vaugrenard
880,rider/Javier_Megias
881,rider/Andrea_Guardini
882,rider/Nicola_Boem
883,rider/Bram_Welten
884,rider/Dennis_Bakker
885,rider/Michele_Gazzarra
886,rider/Domen_novak
887,rider/Hossaini_Reza
888,rider/Kristoffer_Skjerping
889,rider/Cyril_Lemoine
890,rider/Charalampos_Kastrantas
891,rider/Daniel_Teklehaimanot
892,rider/Sean_Lake
893,rider/Arnaud_Gerard
894,rider/Chris_Jones
895,rider/Joon_Yong_Seo
896,rider/Jose_Mendes
897,rider/Alessandro_Bisolti
898,rider/nelson_Ismael_Sanchez_Jimenez
899,rider/Erik_Baska
900,rider/Sam_Bewley
901,rider/Fabio_Sabatini
902,rider/Maarten_Van_Trijp
903,rider/Angelo_Tulik
904,rider/Jose_Manuel_Diaz_Gallego
905,rider/Antoine_Duchesne
906,rider/Rasmus_Quaade
907,rider/Mohammad_Gharehbaghi_Pouri
908,rider/Christophe_Masson
909,rider/Tim_Declercq
910,rider/Ty_Magner
911,rider/Bernardo_Suaza
912,rider/Leszek_Plucinski
913,rider/Daniil_Fominykh
914,rider/Francisco_Colorado
915,rider/Harm_Vanhoucke
916,rider/Edgar_nohales_nieto
917,rider/Damien_Monier
918,rider/Wesley_Kreder
919,rider/Alexandr_Riabushenko
920,rider/Bert_De_Backer
921,rider/Kristijan_Koren
922,rider/Temesgen_Buru
923,rider/Benoit_Jarrier
924,rider/Lucas_Carstensen
925,rider/Artem_nych
926,rider/Ramunas_navardauskas
927,rider/Marcin_Bialoblocki
928,rider/Marc_de_Maar
929,rider/Matteo_Dal_cin
930,rider/Adrian_Kurek
931,rider/Andre_Cardoso
932,rider/Anders_Skaarseth
933,rider/Alexandr_Shushemoin
934,rider/Martijn_Budding
935,rider/Ricardo_Escuela
936,rider/Julen_Amezqueta
937,rider/Kanstantsin_Klimiankou
938,rider/Abderrahmane_Mansouri
939,rider/Jay_Robert_Thomson
940,rider/Travis_Samuel
941,rider/Troels_Vinther
942,rider/Stan_Dewulf
943,rider/Andreas_Schillinger
944,rider/Mirco_Maestri
945,rider/Ryan_Macanally
946,rider/Steven_Tronet
947,rider/Mateusz_Komar
948,rider/Ali_nouisri
949,rider/Hampus_Anderberg
950,rider/Johim_Ariesen
951,rider/Manuel_Rodas
952,rider/Thomas_Voeckler
953,rider/Mark_Renshaw
954,rider/Andriy_Kulyk
955,rider/Daan_Olivier
956,rider/Emanuel_Piaskowy
957,rider/niklas_Eg
958,rider/Mark_Padun
959,rider/Mark_Mcnally
960,rider/Adam_De_Vos
961,rider/Michael_Van_Staeyen
962,rider/Yegor_Dementyev
963,rider/Matteo_Bono
964,rider/Julien_Berard
965,rider/Jordi_Simon
966,rider/Anton_Muzychkin
967,rider/Antoine_Warnier
968,rider/Burr_Ho
969,rider/Marlen_Zmorka
970,rider/Efren_Mex_Santos
971,rider/Louis_Verhelst
972,rider/Gregory_Daniel
973,rider/James_Knox
974,rider/Christophe_Riblon
975,rider/Gerben_Thijssen_Bel
976,rider/Azzedine_Lagab
977,rider/Alexandre_Pichot
978,rider/Cyrus_Monk
979,rider/Rodrigo_Araque
980,rider/Alex_Frame
981,rider/Jonas_Rapp
982,rider/Jason_Lowndes
983,rider/Mickael_Delage
984,rider/Marco_Zanotti
985,rider/Mattia_Frapporti
986,rider/Antonio_nibali
987,rider/Sergey_Lagutin
988,rider/Dusan_Kalaba
989,rider/Valerio_Agnoli
990,rider/Tomas_Buchacek
991,rider/Guillaume_Bonnafond
992,rider/Michal_Paluta
993,rider/Lars_van_der_Haar
994,rider/Toon_Aerts
995,rider/Tony_Hurel
996,rider/Filippo_Tagliani
997,rider/Ben_Perry
998,rider/Ruben_Plaza
999,rider/Conor_Dunne
1000,rider/Dries_De_Bondt
1001,rider/Sarai_Ahad_Kazemi
1002,rider/Ignacio_Maldonado
1003,rider/sergio_higuita
1004,rider/Remy_Mertz
1005,rider/Piet_Allegaert
1006,rider/Angel_Vicioso
1007,rider/Sam_Crome
1008,rider/Egoitz_Fernandez
1009,rider/Andrii_Bratashchuk
1010,rider/Oliviero_Troia
1011,rider/Eugert_Zhupa
1012,rider/Johann_Van_Zyl
1013,rider/Joshua_Huppertz
1014,rider/Mario_Costa
1015,rider/Ibai_Salas
1016,rider/Simone_Velasco
1017,rider/Vincenzo_Albanese
1018,rider/Alan_Riou
1019,rider/Jose_Santoyo
1020,rider/Jose_Alfredo_Rodriguez
1021,rider/Emil_Vinjebo
1022,rider/Martijn_Keizer
1023,rider/Jason_Christie
1024,rider/Asmund_Lvik
1025,rider/Lluis_Guillermo_Mas
1026,rider/Ulises_Alfredo_Castillo
1027,rider/Yonathan_Jesus_Salinas
1028,rider/Edwin_Arnulfo_Busta_Parra
1029,rider/Alex_Peters
1030,rider/Bryan_Nauleau
1031,rider/Francisco_Chamorro
1032,rider/Konrad_Gesner
1033,rider/Barnabas_Peak
1034,rider/Stijn_Steels
1035,rider/Lucas_Sebastian_Haedo
1036,rider/Cesar_nicolas_Paredes
1037,rider/Gijs_Van_Hoecke
1038,rider/Corne_Van_Kessel
1039,rider/Brayan_Stiven_Ramirez_Chacon
1040,rider/Geoffrey_Soupe
1041,rider/Victor_Manuel_Garcia_Estevez
1042,rider/Etienne_Van_Empel
1043,rider/Tyler_Farrar
1044,rider/Oleksandr_Prevar
1045,rider/Daniel_Whitehouse
1046,rider/Daniel_Lopez
1047,rider/Mohammad_Rajablou
1048,rider/Christopher_Latham
1049,rider/Anton_Ivashkin
1050,rider/Jon_Ander_Insausti
1051,rider/Sven_Van_Luijk
1052,rider/Viesturs_Luksevics
1053,rider/Herman_Dahl
1054,rider/Nuno_Bico
1055,rider/Roland_Thalmann
1056,rider/Byron_Guama
1057,rider/Stijn_Vandenbergh
1058,rider/Diego_Milan
1059,rider/Steve_Morabito
1060,rider/Aristobulo_Cala
1061,rider/Sergio_Paulinho
1062,rider/Fabien_Doubey
1063,rider/Alex_Turrin
1064,rider/Robert_Stannard
1065,rider/Igor_Boev
1066,rider/Cristian_David_Pita
1067,rider/Kamil_Malecki
1068,rider/Jenthe_Biermans
1069,rider/nicolas_Baldo
1070,rider/Raffaello_Bonusi
1071,rider/Polychronis_Tzortzakis
1072,rider/Raphael_Freienstein
1073,rider/Sho_Hatsuyama
1074,rider/Eryk_Laton
1075,rider/Umberto_Marengo
1076,rider/Yonatan_Haile
1077,rider/Thanh_Tam_nguyen
1078,rider/Simon_Musie
1079,rider/Alexander_Vdovin
1080,rider/Joaquim_Silva
1081,rider/Marcus_Culey
1082,rider/Igor_Merino
1083,rider/Steff_Cras
1084,rider/Kohei_Uchima
1085,rider/Alexander_Geuens
1086,rider/Vadim_Pronskiy
1087,rider/Gian_Friesecke
1088,rider/Yauhen_Sobal
1089,rider/Jose_Luis_Rodriguez
1090,rider/nariyuki_Masuda
1091,rider/Metkel_Eyob
1092,rider/Cesar_Rojas_Villegas
1093,rider/Clement_Russo
1094,rider/Jakub_Kaczmarek
1095,rider/Twan_Brusselman
1096,rider/nans_Peters
1097,rider/Peter_Koning
1098,rider/Pavel_Kochetkov
1099,rider/Jean_Bosco_nsengiyumva
1100,rider/Atsushi_Oka
1101,rider/Rasmus_Esmann_Ginnerup
1102,rider/Zydrunas_Savickas
1103,rider/Robbert_De_Greef
1104,rider/Alder_Torres
1105,rider/Elyas_Afewerki
1106,rider/Jacek_Morajko
1107,rider/Yves_Coolen
1108,rider/Roy_Goldstein
1109,rider/Martin_Mahdar
1110,rider/Eiichi_Hirai
1111,rider/Joseph_Chavarria
1112,rider/Christopher_Lagane
1113,rider/Gasore_Hategeka
1114,rider/Eric_Young
1115,rider/Marc_antoine_Soucy
1116,rider/Ylber_Sefa
1117,rider/Dennis_Coenen
1118,rider/Ian_Garrison
1119,rider/Choon_Huat_Goh
1120,rider/Filippo_Calderaro
1121,rider/Yoann_Paillot
1122,rider/Christoffer_Lisson
1123,rider/Jason_Van_Dalen
1124,rider/Xavier_Santana_Rodriguez
1125,rider/Marius_Petrache
1126,rider/William_Guzman_Rosario
1127,rider/Damiano_Cima
1128,rider/Jan_Petelin
1129,rider/Costa_Seibeb
1130,rider/nassim_Saidi
1131,rider/Davide_Pacchiardo
1132,rider/Yann_Guyot
1133,rider/Miguel_Reyes
1134,rider/Daniel_Crista
1135,rider/Edvin_Wilson
1136,rider/Eduardo_Corte
1137,rider/Jorge_Abreu
1138,rider/Georgios_Bouglas
1139,rider/Roniel_Campos
1140,rider/Leonel_Quintero
1141,rider/Bruno_Radotic
1142,rider/Luke_Parker
1143,rider/Carlos_Andres_Brenes
1144,rider/Chun_Kai_Feng
1145,rider/nicolas_naranjo
1146,rider/Sebastian_Schonberger
1147,rider/Besmir_Banushi
1148,rider/ivind_Lukkedahl
1149,rider/Yuzuru_Suzuki
1150,rider/Michael_Kukrle
1151,rider/Dmitriy_Lukyanov
1152,rider/Takayuki_Abe
1153,rider/nathan_Van_Hooydonck
1154,rider/Chien_liang_Chen
1155,rider/Lucas_De_Rossi
1156,rider/Yuriy_natarov
1157,rider/Robigzon_Leandro_Oyola
1158,rider/Jim_Aernouts
1159,rider/Daniel_Viejo
1160,rider/Julian_David_Arredondo
1161,rider/Daniel_Auer
1162,rider/Karel_Hnik
1163,rider/Marco_Bernardinetti
1164,rider/Leonardo_Bonifazio
1165,rider/Genki_Yamamoto
1166,rider/Pier_Andre_Cote
1167,rider/Jerome_Cousin
1168,rider/Anatoliy_Budyak
1169,rider/Behnam_Ariyan
1170,rider/Romain_Seigle
1171,rider/Victor_Lafay
1172,rider/Daniel_Bonilla
1173,rider/Laurent_Didier
1174,rider/Ali_Khademi
1175,rider/Ludovic_Robeet
1176,rider/Julien_Morice
1177,rider/Liam_White
1178,rider/Clint_Hendricks
1179,rider/Adrian_Banaszek
1180,rider/Boris_Carene
1181,rider/Nick_Dougall
1182,rider/Kenneth_Van_Rooy
1183,rider/Hassen_Ben_nasr
1184,rider/Ariya_Phounsavath
1185,rider/Ahmed_Al_Mansoori
1186,rider/Miguel_Angel_Rubiano
1187,rider/Mario_Vogt
1188,rider/Bassirou_Kante
1189,rider/Karim_Khorrami
1190,rider/Edmund_Bradbury
1191,rider/Quentin_Vanoverschelde
1192,rider/Enzo_Wouters
1193,rider/Juan_Rendon
1194,rider/Alexandr_Kolobnev
1195,rider/nawuti_Liphongyu
1196,rider/Stanimir_Cholakov
1197,rider/Ole_Forfang
1198,rider/Mingrun_Chen
1199,rider/Jarno_Gmelich_Meijling
1200,rider/Benjamin_Dyball
1201,rider/Matthew_Holmes
1202,rider/Mateusz_Taciak
1203,rider/Jacob_Rathe
1204,rider/Patrick_Muller
1205,rider/Artyom_Zakharov
1206,rider/Benjamin_King_1
1207,rider/Chris_Anker_Sorensen
1208,rider/Jan_Andrej_Cully
1209,rider/Martin_Laas
1210,rider/Fernando_Grijalba
1211,rider/Samuel_Caldeira
1212,rider/Tom_Stamsnijder
1213,rider/Christian_Mager
1214,rider/Vojtech_Hacecky
1215,rider/Julian_Hellmann
1216,rider/nicklas_Amdi_Pedersen
1217,rider/Lukas_Spengler
1218,rider/neil_Van_Der_Ploeg
1219,rider/nikolai_Shumov
1220,rider/Bonaventure_Uwizeyimana
1221,rider/Milan_Menten
1222,rider/Oscar_Eduardo_Sanchez
1223,rider/Patrick_Bosman
1224,rider/Weimar_Alfonso_Roldan
1225,rider/Caio_Godoy_Ormenese
1226,rider/Steve_Fisher
1227,rider/Steele_Von_Hoff
1228,rider/David_Van_Der_Poel
1229,rider/Ivan_Balykin
1230,rider/Brendon_Davids
1231,rider/niklas_Larsen
1232,rider/Loic_Chetout
1233,rider/Julius_Van_Den_Berg
1234,rider/Oliver_Wood
1235,rider/Clovis_Kamzong_Abessolo
1236,rider/Sebastien_Fournet_fayard
1237,rider/Laurin_Winter
1238,rider/Thomas_Vaubourzeix
1239,rider/Tanner_Putt
1240,rider/Aidis_Kruopis
1241,rider/Hector_Saez
1242,rider/Mehdi_Sohrabi
1243,rider/Redi_Halilaj
1244,rider/Marcelo_Felipe
1245,rider/Rory_Townsend
1246,rider/Tom_Baylis
1247,rider/Kbrom_nd
1248,rider/Bruno_Armirail
1249,rider/Bryan_Alaphilippe
1250,rider/Morgan_Smith
1251,rider/Gregory_Habeaux
1252,rider/Mohd_Zamri_Saleh
1253,rider/Stefan_De_Bod
1254,rider/Maxim_Rusnac
1255,rider/Stefan_Schumacher
1256,rider/Alex_Cano_Ardila
1257,rider/Hernando_Bohorquez
1258,rider/Robert_Kessler
1259,rider/Loic_Desriac
1260,rider/Mohd_Hariff_Salleh
1261,rider/Yevgeniy_nepomnyachshiy
1262,rider/Juan_Carlos_Rojas_Villegas
1263,rider/Till_Drobisch
1264,rider/Mathew_Ross
1265,rider/Shotaro_Iribe
1266,rider/Anass_Ait_El_Abdia
1267,rider/Joao_Almeida
1268,rider/Tino_Thomel
1269,rider/Harouna_Ilboudo
1270,rider/Marc_Hirschi
1271,rider/Filippo_Ganna
1272,rider/Abdelkader_Belmokhtar
1273,rider/Thanawut_Sanikwathi
1274,rider/Alessandro_Pessot
1275,rider/Kyle_Murphy
1276,rider/Yuri_Trofimov
1277,rider/Andrea_Toniatti
1278,rider/Marco_Coledan
1279,rider/Krisztian_Lovassy
1280,rider/Jimmy_Duquennoy
1281,rider/Paolo_Simion
1282,rider/Juraj_Bellan
1283,rider/Berden_De_Vries
1284,rider/Jorge_Arcas
1285,rider/Hyeong_Min_Choe
1286,rider/Michael_Kolar
1287,rider/Sjoerd_van_Ginneken
1288,rider/Markus_Eibegger
1289,rider/norman_Vahtra
1290,rider/Mikel_Iturria
1291,rider/Maher_Hasnaoui
1292,rider/Marek_Canecky
1293,rider/Alessio_Taliani
1294,rider/Cristian_Montoya
1295,rider/Changpad_Kritsada
1296,rider/Maxime_Farazijn
1297,rider/Fiseha_Gebremariam
1298,rider/Vincent_Graczyk
1299,rider/Amaury_Capiot
1300,rider/Juan_Felipe_Osorio
1301,rider/Adellyn_Cruz
1302,rider/Andris_Vosekalns
1303,rider/Dieter_Bouvry
1304,rider/Benjamin_Declercq
1305,rider/Paolo_Tiralongo
1306,rider/Luke_Keough
1307,rider/Juan_Murillo
1308,rider/Nils_Eekhoff
1309,rider/Brandon_Mcnulty
1310,rider/Charlie_Tanfield
1311,rider/Alexey_Voloshin
1312,rider/Domingos_Goncalves
1313,rider/King_Lok_Cheung
1314,rider/Chris_Opie
1315,rider/David_Lozano
1316,rider/David_De_La_Fuente
1317,rider/Joey_Van_Rhee
1318,rider/Ryu_Suzuki
1319,rider/Alvaro_Jose_Hodeg
1320,rider/Rasmus_Bogh_Wallin
1321,rider/Jelle_Donders
1322,rider/Daniel_Eaton
1323,rider/Fabien_Canal
1324,rider/Peter_Kusztor
1325,rider/Pablo_Anchieri
1326,rider/Mounir_Makhchoun
1327,rider/Cesar_Fonte
1328,rider/Mohammad_Ganjkhanlou
1329,rider/Laureano_Rosas
1330,rider/Ettore_Carlini
1331,rider/Jesus_Perez_1
1332,rider/Imerio_Cima
1333,rider/Morten_Hulgaard
1334,rider/Aleksey_Rybalkin
1335,rider/Matteo_Spreafico
1336,rider/Drew_Morey
1337,rider/Dylan_Sunderland
1338,rider/Flavien_Maurelet
1339,rider/Ike_Groen
1340,rider/Jeremy_Cabot
1341,rider/Frederik_Frison
1342,rider/Seid_Lizde
1343,rider/Omar_Mendoza
1344,rider/Max_Kanter
1345,rider/Eugenio_Alafaci
1346,rider/Alexander_Foliforov
1347,rider/Guy_Sagiv
1348,rider/Juan_Esteban_Arango
1349,rider/Andrea_Peron
1350,rider/Yimmi_Jose_Briceno
1351,rider/Andzs_Flaksis
1352,rider/Rick_Ottema
1353,rider/Florian_Bissinger
1354,rider/Maral_erdene_Batmunkh
1355,rider/Jurgen_Van_Den_Broeck
1356,rider/Muradjan_Halmuratov
1357,rider/Martijn_Verschoor
1358,rider/Hayato_Okamoto
1359,rider/Josh_Teasdale
1360,rider/Ghader_Mizbani
1361,rider/Jonas_Vingegaard_Rasmussen
1362,rider/Gaetan_Bille
1363,rider/Nicola_Conci
1364,rider/Lucas_Motta
1365,rider/Trond_Trondsen
1366,rider/Edoardo_Zardini
1367,rider/Matti_Manninen
1368,rider/Yorben_Van_Tichelt
1369,rider/Juan_Pablo_Suarez
1370,rider/Ludwig_De_Winter
1371,rider/Artem_Ovechkin
1372,rider/Jean_Cloude_Uwizeye
1373,rider/Julien_Mortier
1374,rider/Daniel_Westmattelmann
1375,rider/Carlos_Ospina
1376,rider/Takeaki_Amezawa
1377,rider/Augusto_Sanchez
1378,rider/Xavier_Quevedo
1379,rider/Ivan_Centrone
1380,rider/Rodrigo_Contreras
1381,rider/Jahir_Perez
1382,rider/Bartosz_Warchol
1383,rider/Alexander_Alexiev
1384,rider/Oscar_Mauricio_Pachon
1385,rider/Rei_Onodera
1386,rider/Grigoriy_Shtein
1387,rider/Kevin_Pauwels
1388,rider/Mederic_Clain
1389,rider/Redwan_Ebrahim
1390,rider/Jeremy_Cornu
1391,rider/nicola_Bagioli
1392,rider/Enzo_Josue_Moyano
1393,rider/Dae_yeon_Kim
1394,rider/Fabio_Tommassini
1395,rider/Jonas_Ahlstrand
1396,rider/Stylianos_Farantakis
1397,rider/Gonzalo_najar
1398,rider/Szymon_Sajnok
1399,rider/Vladislav_Duiunov
1400,rider/Sanchez_Canellas
1401,rider/Yauheni_Karaliok
1402,rider/Wan_Yau_Lau
1403,rider/Sixto_nunez
1404,rider/Frank_Sosa
1405,rider/Edward_Laverack
1406,rider/Jesse_Ewart
1407,rider/Charlie_Arimont
1408,rider/Griffin_Easter
1409,rider/Jhorman_Flores
1410,rider/Logan_Griffin
1411,rider/Muhammad_Arifin
1412,rider/Zsolt_Der
1413,rider/Alan_Presa
1414,rider/Simone_Antonini
1415,rider/Justin_Timmermans
1416,rider/Jon_Irisarri
1417,rider/Luca_Covili
1418,rider/Corentin_Ermenault
1419,rider/Gianni_Marchand
1420,rider/Rasmus_Tiller
1421,rider/Evgeny_Kobernyak
1422,rider/Theo_Reinhardt
1423,rider/Michal_Podlaski
1424,rider/Daniel_Freitas
1425,rider/Flavio_Cardoso
1426,rider/Julio_Padilla
1427,rider/Nikita_Sokolov
1428,rider/Mauro_Abel_Richeze
1429,rider/Tom_Vermeer
1430,rider/nicolo_Rocchi
1431,rider/Patryk_Stosz
1432,rider/Hector_Lucero
1433,rider/Jacob_Scott
1434,rider/Stijn_De_Bock
1435,rider/nikita_Panassenko
1436,rider/Elgun_Alizada
1437,rider/Jose_Alexis_Rodriguez_Villalobos
1438,rider/Radoslav_Valentinov_Konstantinov
1439,rider/Philippe_Colin
1440,rider/Soufiane_Haddi
1441,rider/Peter_Pouly
1442,rider/Leigh_Howard
1443,rider/William_Bonnet
1444,rider/Artur_Ershov
1445,rider/Lennert_Teugels
1446,rider/Kyoung_Ho_Park
1447,rider/Abram_Bel_Stockman
1448,rider/Haitam_Gaiz
1449,rider/Charles_Planet
1450,rider/Giovanni_Lonardi
1451,rider/Vladimir_Lopez
1452,rider/Steven_Lammertink
1453,rider/Eder_Frayre
1454,rider/Jon_Mould
1455,rider/Marco_Maronese
1456,rider/Diego_Ferreyra
1457,rider/Janos_Pelikan
1458,rider/Marcel_Meisen
1459,rider/Alexander_Wetterhall
1460,rider/Kevin_Sepulveda
1461,rider/Frederik_Rodenberg
1462,rider/Mouhsin_Annachnach
1463,rider/Giovanni_Carboni
1464,rider/Reidar_Bohlin_Borgersen
1465,rider/Mark_Downey
1466,rider/Ziga_Groselj
1467,rider/Kevin_Lebreton
1468,rider/Piotr_Konwa
1469,rider/Jodok_Salzmann
1470,rider/Mathieu_Burgaudeau
1471,rider/Gert_jan_Bosman
1472,rider/Martin_Velits
1473,rider/Luis_Gomes
1474,rider/Stephen_Williams
1475,rider/Stepan_Astafyev
1476,rider/Mathias_Krigbaum
1477,rider/Marco_Negrente
1478,rider/Daniel_Fleeman
1479,rider/Kyung_gu_Jang
1480,rider/Jaap_Kooijman
1481,rider/Matteo_Rabottini
1482,rider/Cedric_Pineau
1483,rider/Aurelien_Paret_Peintre
1484,rider/Mauricio_Muller
1485,rider/Marco_Mathis
1486,rider/Hailemelekot_Hailu
1487,rider/Federico_Moreira
1488,rider/Michael_Habtom
1489,rider/Abdallah_Al_Er
1490,rider/Ryohei_Komori
1491,rider/Ricardo_Garcia_Ambroa
1492,rider/Galym_Akhmetov
1493,rider/Gregor_Gazvoda
1494,rider/Sergey_Rostovcev
1495,rider/Luis_Mendonca
1496,rider/Iltjan_Nika
1497,rider/Pedro_Gutierrez_1
1498,rider/Jasper_Hamelink
1499,rider/Steven_Lampier
1500,rider/Wietse_Bosmans
1501,rider/Valentin_Madouas
1502,rider/Brian_Salas
1503,rider/Abdellah_Ben_Youcef
1504,rider/Juan_Villegas
1505,rider/Hartthijs_De
1506,rider/Shane_Archbold
1507,rider/Josip_Rumac
1508,rider/Andreas_Miltiadis
1509,rider/Jesper_Schultz
1510,rider/Mouhssine_Lahsaini
1511,rider/Alexandros_Agrotis
1512,rider/Russell_Downing
1513,rider/Oleksiy_Kasyanov
1514,rider/Tim_Ariesen
1515,rider/Romain_Guillemois
1516,rider/Sasu_Halme
1517,rider/Gabriel_Marin
1518,rider/Tanguy_Turgis
1519,rider/Fredrik_Ludvigsson
1520,rider/Adne_Van_Engelen
1521,rider/Callum_Scotson
1522,rider/Jordan_Cheyne
1523,rider/Hamish_Bond
1524,rider/Szymon_Rekita
1525,rider/Luuc_Bugter
1526,rider/Kevin_Deltombe
1527,rider/Adrien_Niyonshuti
1528,rider/Ignacio_De_Jesus_Prado
1529,rider/Giorgi_nareklishvili
1530,rider/Rob_Leemans
1531,rider/Scott_Davies
1532,rider/Jonas_Aaen_Jorgensen
1533,rider/Robert_Marsh
1534,rider/nikolay_Trusov
1535,rider/Silver_Maoma
1536,rider/Arjen_Livyns
1537,rider/Jacob_Hennessy
1538,rider/nico_Denz
1539,rider/Pablo_Alarcon
1540,rider/Tomohiro_Hayakawa
1541,rider/Federico_Canuti
1542,rider/Murilo_Ferraz_Affonso
1543,rider/Braam_Merlier
1544,rider/Simone_Sterbini
1545,rider/Yusuke_Hatanaka
1546,rider/Matthew_Zenovich
1547,rider/Ryan_Anderson
1548,rider/Cyrille_Thiery
1549,rider/Elias_Tello
1550,rider/Richard_Mascaranas
1551,rider/Leo_Vincent
1552,rider/Koos_Jeroen_Kers
1553,rider/David_Per
1554,rider/Isiaka_Cisse
1555,rider/Arman_Kamyshev
1556,rider/Kris_Boeckmans
1557,rider/Kim_Magnusson
1558,rider/Thomas_Rostollan
1559,rider/Antonio_Barbio
1560,rider/Juan_Molina
1561,rider/Peter_Williams_1
1562,rider/Rui_Miguel_Sousa_Barbosa
1563,rider/Marco_Doets
1564,rider/Jonathan_Klever_Caicedo
1565,rider/Miguel_Angel_Fernandez
1566,rider/Justin_Mottier
1567,rider/Rob_Partridge
1568,rider/Dmitry_Kozonchuk
1569,rider/Connor_Swift
1570,rider/Przemyslaw_Kasperkiewicz
1571,rider/Anderson_Timoteo_Paredes
1572,rider/Martin_Haring
1573,rider/Maruin_Tasset
1574,rider/Lucas_Eamon
1575,rider/Justin_Oien
1576,rider/Yannick_Martinez
1577,rider/Yi_Peng_Teoh
1578,rider/Damien_Shaw
1579,rider/Daniel_Geismayr
1580,rider/Ziga_Jerman
1581,rider/nazim_Bakirci
1582,rider/Emerson_Oronte
1583,rider/Fabian_Giger
1584,rider/Rafael_Mauricio_German_Meran
1585,rider/Amanueal_Tsegay
1586,rider/Elias_Vega
1587,rider/Beka_nareklishvili
1588,rider/Taylor_Shelden
1589,rider/Thery_Schir
1590,rider/Romain_Feillu
1591,rider/Luca_Wackermann
1592,rider/Uri_Martins
1593,rider/Jerome_Pulidori
1594,rider/Marvin_Spencer
1595,rider/Siu_Wai_Ko
1596,rider/Moreno_Moser
1597,rider/Marino_Kobayashi
1598,rider/Hatim_Karmouchi
1599,rider/Rustom_Lim
1600,rider/Simon_Sellier
1601,rider/Casper_Folsach
1602,rider/Wenhui_Bi
1603,rider/Brecht_Dhaene
1604,rider/Umberto_Poli
1605,rider/Robinson_Paulino
1606,rider/Magnus_Bak_Klaris
1607,rider/Alexis_Guerin
1608,rider/Mohd_Shahrul_Mat_Amin
1609,rider/Dinmukhammed_Ulysbayev
1610,rider/Kenny_Bel_Molly
1611,rider/nick_Miller
1612,rider/Adrien_Costa
1613,rider/Kota_Sumiyoshi
1614,rider/Sulkhan_Akhmaevi
1615,rider/Hugo_Sancho
1616,rider/Dario_Antonio
1617,rider/Rutger_Roelandts
1618,rider/Juan_Javier_Melivilo
1619,rider/Walter_Vargas
1620,rider/Clement_Penven
1621,rider/Timothy_Rugg
1622,rider/Tom_Wirtgen
1623,rider/Axel_Journiaux
1624,rider/Andreas_Stokbro
1625,rider/Sander_Cordeel
1626,rider/Morten_Ollegaard
1627,rider/David_Miguel_Costa_Rodrigues
1628,rider/Hicham_Benouzza
1629,rider/Giacomo_Berlato
1630,rider/Aiman_Cahyadi
1631,rider/Joonas_Henttala
1632,rider/Gasper_Katrasnik
1633,rider/Vasili_Strokov
1634,rider/Ilyass_Rabihi
1635,rider/Robbe_Ghys
1636,rider/Joe_Lewis
1637,rider/Luis_Fernando_Sepulveda
1638,rider/Hari_Fitrianto
1639,rider/Seydou_Bamogo
1640,rider/Kevin_Van_Melsen
1641,rider/Muhamad_Zawawi_Azman
1642,rider/Rafael_Silva
1643,rider/Bas_Van_Der_Kooij
1644,rider/_Loughlin
1645,rider/Mohamed_Bouzidi
1646,rider/Maxime_Cam
1647,rider/Clement_Patat
1648,rider/Valentin_Plesea
1649,rider/Cedric_Eustache
1650,rider/Ahmad_Wais
1651,rider/Jacopo_Guarnieri
1652,rider/Julien_Stassen
1653,rider/Woo-ho_Jung
1654,rider/Muhammad_ Arsalan_Anjum
1655,rider/emile_Jean
1656,rider/Gebremariam_Hatfu_Robel
1657,rider/Richard_Larsen
1658,rider/Adriano_Brogi
1659,rider/Gabriel_Tan
1660,rider/Jayson_Rousseau
1661,rider/Awais_Khan
1662,rider/Al__Ali_Ibrahim
1663,rider/Essaid_Abelouache
1664,rider/Ali_Alhassani
1665,rider/yohan_tesfay
1666,rider/Christopher_Mcglinchey
1667,rider/Hiroshi_Tsubaki
1668,rider/Ahmet_Akdilek
1669,rider/Paul_Ourselin
1670,rider/Robert_Jenko
1671,rider/Tyler_Williams
1672,rider/Alisher_Zhumakan
1673,rider/Fidzerald_Rabaye
1674,rider/Martin_Hunal
1675,rider/Adrian_Gonzalez
1676,rider/Jacob_Tipper
1677,rider/Bastien_Duculty
1678,rider/Daniel_Diaz
1679,rider/Fabio_Silvestre
1680,rider/Jiri_Sorm
1681,rider/Jorge_Montenegro
1682,rider/Patrick_Haller
1683,rider/Joao_Matias
1684,rider/Antonio_Barac
1685,rider/Jakob_Frandsen
1686,rider/Darijus_Dzervus
1687,rider/Guillaume_Millasseau
1688,rider/Adria_Moreno
1689,rider/Yahiaaldien_Khalefa
1690,rider/Jackson_Rodriguez
1691,rider/Jordy_Pruneau
1692,rider/Stephane_Poulhies
1693,rider/Ruben_Companioni
1694,rider/Jaakko_Hanninen
1695,rider/Sung_Baek_Park
1696,rider/Anuar_Manan
1697,rider/Dan_Craven
1698,rider/nolan_Hoffman
1699,rider/Gabriel_Richard
1700,rider/Ferit_Samli
1701,rider/Aaron_Verwilst
1702,rider/Max_Stedman
1703,rider/Alexis_Caresmel
1704,rider/Suleiman_Kangangi
1705,rider/Zahiri_Abderrahim
1706,rider/Patrick_Jager
1707,rider/Jonathan_Guzman
1708,rider/Sjoerd_Kouwenhoven
1709,rider/Kaspars_Sergis
1710,rider/Egoitz_Garcia
1711,rider/Armands_Becis
1712,rider/Aitor_Gonzalez_Prieto
1713,rider/Jeffery_Kelsick
1714,rider/Ken_Levi_Eikeland
1715,rider/Michel_Piccot
1716,rider/Tobias_Foss
1717,rider/Itmar_Einhorn
1718,rider/Ethan_Berends
1719,rider/Luis_Villalobos_Hernandez
1720,rider/Goran_Antonijevic
1721,rider/Guillaume_Levarlet
1722,rider/nicolay_Cherkasov
1723,rider/Andi_Bajc
1724,rider/Kostyantyn_Rybaruk
1725,rider/Mohd_Elmi_Jumari
1726,rider/Mark_John_Lexer_Galedo
1727,rider/Kostantinos_Thymides
1728,rider/nazir_Jaser
1729,rider/Leandro_Varela
1730,rider/Ha_Jeon_Jung
1731,rider/Anton_Kuzmin
1732,rider/Roberto_Pinheiro
1733,rider/Ka_Yu_Leung
1734,rider/Josu_Zabala
1735,rider/Philipp_Walsleben
1736,rider/Ching_Ying_Mow
1737,rider/oscar_Pelegri
1738,rider/Patrick_Gamper
1739,rider/Jordy_Buskermolen
1740,rider/Morgan_Kneisky
1741,rider/Jose_Fernandes
1742,rider/Jianpeng_Liu
1743,rider/Batuhan_Ozgur
1744,rider/Stepan_Kurianov
1745,rider/Kazushige_Kuboki
1746,rider/Hsuan_Hsu
1747,rider/Joo_seok_Kim
1748,rider/Gabriel_Reguero
1749,rider/Islam_nasser
1750,rider/Brecht_Ruyters
1751,rider/Periklis_Ilias
1752,rider/Jefferson_Cepeda_Hernandez
1753,rider/Abderrahmane_Mehdi_Hamza
1754,rider/Samuel_Mugisha
1755,rider/Alexander_Maes
1756,rider/Thomas_Vereecken
1757,rider/Serhiy_Grechyn
1758,rider/Ying_Hon_Ronald_Yeung
1759,rider/Lars_Van
1760,rider/Lawson_Craddock
1761,rider/Daan_Meijers
1762,rider/Patrick_Van_Der_Duin
1763,rider/Thomas_Deruette
1764,rider/Juan_Jose_Cueto
1765,rider/Benjamin_Brkic
1766,rider/Brad_Evans
1767,rider/Sebastian_Martin_Junior_Trillini
1768,rider/Pavel_Gruber
1769,rider/Regan_Gough
1770,rider/Salim_Kipkemboi
1771,rider/Juan_Sebastian_Tamayo_Martinez
1772,rider/Florent_Pereira
1773,rider/Adrian_Honkisz
1774,rider/Robert_Malik
1775,rider/Julen_Irizar
1776,rider/Juan_Pablo_Dotti
1777,rider/Fabio_Calabria
1778,rider/Francesco_Romano
1779,rider/Thierry_Hupond
1780,rider/Orluis_Aular
1781,rider/Michael_Hernandez
1782,rider/Hans_Kristian_Rudland
1783,rider/Keisuke_Kimura
1784,rider/Patricio_Almonacid
1785,rider/Leon_Rohde
1786,rider/Jesse_Anthony
1787,rider/Dennis_Paulus
1788,rider/James_Shaw
1789,rider/Enrico_Anselmi
1790,rider/Chad_Beyer
1791,rider/Pierre_Idjouadiene
1792,rider/Romain_Campistrous
1793,rider/Sayed_Ahmed_Alawi 
1794,rider/Romain_Bacon
1795,rider/Stef_Krul
1796,rider/Charles_Bradley_Huff
1797,rider/Fernando_Briceno
1798,rider/Philip_Clarke
1799,rider/Jamal_Hibatulah
1800,rider/Andreas_Jeppesen
1801,rider/Syver_Waersted
1802,rider/Emanuel_Kiserlovski
1803,rider/Paolo_Lunardon
1804,rider/Emiel_Planckaert
1805,rider/nickolas_Dlamini
1806,rider/Cameron_Piper
1807,rider/Benjamin_Stauder
1808,rider/Max_Emil_Korner
1809,rider/nikolay_Mihaylov
1810,rider/Marko_Danilovic
1811,rider/Azman_Zulkifli_Mohd
1812,rider/Karamoko_Bamba
1813,rider/Nazaerbieke_Bieken
1814,rider/Samuel_Jenner
1815,rider/nicolas_Vereecken
1816,rider/Musa_Mikayilzade
1817,rider/Elyas_Yusoff
1818,rider/Juan_Martinez_Adorno
1819,rider/Dawit_Araya_Haile
1820,rider/Charlie_Meredith
1821,rider/Oscar_Quiroz
1822,rider/Manuel_Porzner
1823,rider/Emil_Dima
1824,rider/Bjornar_Overland
1825,rider/Jozsef_Hartmann
1826,rider/Emiliano_Ibarra
1827,rider/Michael_Bresciani
1828,rider/Kibrom_Teklebrhan_Haylemaryam
1829,rider/Kevork_Altounian
1830,rider/Edwin_Andres_Carvajal
1831,rider/Brandon_Feehery
1832,rider/Julian_Barrientos
1833,rider/Rui_Oliveira
1834,rider/Mohammed_Al_Murawwi
1835,rider/Paulius_Siskevicius
1836,rider/Mehari_Tesfatsion
1837,rider/Kouna_Abdessadek
1838,rider/Andrea_Garosio
1839,rider/Diego_Antonio_Ochoa
1840,rider/Alexandre_Mayer
1841,rider/Matteo_Fabbro
1842,rider/Alessio_Brugna
1843,rider/Matthew_Teggart
1844,rider/Giorgi_Suvadoglu
1845,rider/Artur_Detko
1846,rider/Tamrat_Meresa_Gebrewahd
1847,rider/Eugen_Wacker
1848,rider/Jordi_Warlop
1849,rider/Jose_Alarcon
1850,rider/Petr_Rikunov
1851,rider/Michael_Cools
1852,rider/Damien_Tekou
1853,rider/Louis_Louvet
1854,rider/Peerapol_Chawchiangkwang
1855,rider/Dzmitry_Zhyhunou
1856,rider/Matti_Helminen
1857,rider/Stefan_Stefanovic
1858,rider/Arthur_Baude
1859,rider/Mattia_Viel
1860,rider/Matthias_Krizek
1861,rider/Federico_Vivas
1862,rider/Lionel_Taminiaux
1863,rider/Jin_Okubo
1864,rider/Junya_Sano
1865,rider/Clatworthy_Fred
1866,rider/Jannik_Steimle
1867,rider/Sindre_Bjerkestrand_Haugsvaer
1868,rider/Dadi_Suryadi
1869,rider/Florian_Smits
1870,rider/Xin_Wang
1871,rider/Rene_Hooghiemster
1872,rider/Felix_Nodarse
1873,rider/Sang_Hoon_Park
1874,rider/Cristian_Egidio
1875,rider/Jose_Mendoza
1876,rider/Jan_Maas
1877,rider/Quinten_Hermans
1878,rider/Ross_Lamb
1879,rider/Omer_Goldstein
1880,rider/Ruben_Ramos
1881,rider/Conroy_Thomas
1882,rider/Scott_Law
1883,rider/Luis_Felipe_Laverde_Jimenez
1884,rider/Thijs_De_Lange
1885,rider/Edoardo_Affini
1886,rider/nebojsa_Jovanovic
1887,rider/Shiki_Kuroeda
1888,rider/Mattia_De_Mori
1889,rider/Yannick_Lincoln
1890,rider/Aviv_Yechezkel
1891,rider/Lionel_Mawditt
1892,rider/Jens_Wallays
1893,rider/Fernando_Barcelo
1894,rider/Milan_Dragojevic
1895,rider/Aritz_Bagues
1896,rider/Egor_Silin
1897,rider/Lander_Seynaeve
1898,rider/Marcel_Weber
1899,rider/nasser_Almemari
1900,rider/David_Williams_Can
1901,rider/Dorian_Monterroso
1902,rider/mathias_sorgho
1903,rider/Rene_Ukiniwabo
1904,rider/Fabien_Schmidt
1905,rider/Ryan_Thomas
1906,rider/Daniel_Jara
1907,rider/Rik_Van_Ijzendoorn
1908,rider/Seung_Woo_Choi
1909,rider/Shane_Kline
1910,rider/Edward_Fabian_Diaz
1911,rider/Adrian_Alvarado
1912,rider/Robert_Fotsing_Dassie
1913,rider/John_Anderson_Rodriguez
1914,rider/Hugo_Angel_Velazquez
1915,rider/Jairo_Alonso_Cano_Salas
1916,rider/Zhiwen_Chen
1917,rider/Gabriel_Mendoza
1918,rider/Brian_Kamstra
1919,rider/Sebastian_Mora
1920,rider/Patrick_Clausen
1921,rider/Gebremedhin_Andemeskel_Awet
1922,rider/Luca_Raggio
1923,rider/Jose_nicolas_Castro_Laverde
1924,rider/Michael_Reihs
1925,rider/Sander_De_Pestel
1926,rider/Muhamad_Adiq_Husaine_Othman
1927,rider/Alistair_Slater
1928,rider/Victor_Manakov
1929,rider/Ben_Hetherington
1930,rider/Camilo_Andres_Gomez
1931,rider/nicolas_Thomasson
1932,rider/Mark_Sehested_Pedersen
1933,rider/Mitch_Groot
1934,rider/Akmal_Zakaria
1935,rider/Bo_Wang
1936,rider/Yukihiro_Doi
1937,rider/Frederik_Veuchelen
1938,rider/Onur_Balkan
1939,rider/Laurens_Huys
1940,rider/Wim_Reynaerts
1941,rider/Wellington_Capellan
1942,rider/Mads_Rahbek
1943,rider/Kevin_Inkelaar
1944,rider/Shinpei_Fukuda
1945,rider/Anthony_Rodriguez
1946,rider/Marc_Fournier
1947,rider/Rodrigo_Araujo_de_Melo
1948,rider/Cristhian_Gutierrez
1949,rider/Adrien_Alidor
1950,rider/norlandy_Taveras
1951,rider/Rolly_Weaver
1952,rider/Marcus_Faglum_Karlsson
1953,rider/Maximilian_Beyer
1954,rider/Stephen_Bassett
1955,rider/Alessandro_Fedeli
1956,rider/Antoine_Bravard
1957,rider/Leonardo_Canepa
1958,rider/Wilmer_Bravo
1959,rider/Charli_Hernandez
1960,rider/Miguel_Armando_Ubeto
1961,rider/Alberto_Ramos
1962,rider/Matias_Delgado
1963,rider/Elton_Pedrozo_da_silva
1964,rider/Cristian_Torres_Col
1965,rider/Theo_Vimpere
1966,rider/Kristian_House
1967,rider/Diego_Ares
1968,rider/noel_Richet
1969,rider/Evgeny_Zotov
1970,rider/Giorgos_Fattas
1971,rider/Wang_Hin_Cheng
1972,rider/Joshua_Gayral
1973,rider/Emiliano_Vila
1974,rider/Jeremy_Bescond
1975,rider/Louis_Bendixen
1976,rider/Raynauth_Jeffrey
1977,rider/Artem_Tesler
1978,rider/Keat_Ken_Liew
1979,rider/Taruia_Krainer
1980,rider/nathan_Elliott
1981,rider/De_Winter_Gordon
1982,rider/Andri_Coetzee
1983,rider/Ignacio_Sarabia
1984,rider/Samuel_Volkers
1985,rider/Ben_Wolfe
1986,rider/Sondre_Holst_Enger
1987,rider/Sebastian_Baldauf
1988,rider/Vlad_nicolae_Dobre
1989,rider/Ji_Min_Jung
1990,rider/Christian_Moberg
1991,rider/Abdellah_Hida
1992,rider/Gregory_Brenes
1993,rider/Reda_Aadel
1994,rider/Rafael_Marquez
1995,rider/William_Barta
1996,rider/Massimo_Rosa
1997,rider/Matthew_Bostock
1998,rider/Gonzalo_Garrido
1999,rider/Bernardo_Ayuso
2000,rider/Bereket_Desalegn_Temalew
2001,rider/Guillaume_Gaboriaud
2002,rider/Dylan_Boumans
2003,rider/Joel_Candido
2004,rider/Shangguo_YUAN
2005,rider/William_David_Munoz
2006,rider/Mattia_Bais
2007,rider/Jimmy_Turgis
2008,rider/Markus_Kopfauf
2009,rider/nur_Amirul_Fakhruddin_Mazuki
2010,rider/Giuliano_Kamberaj
2011,rider/Florent_Castellarnau
2012,rider/Moran_Vermeulen
2013,rider/Rob_Peeters
2014,rider/Hossein_nateghi
2015,rider/Jan_Brockhoff
2016,rider/Martin_Mortensen
2017,rider/Ivan_Seledkov
2018,rider/Simon_Pellaud
2019,rider/Jordi_Meeus
2020,rider/Javier_Montoya
2021,rider/Vladimir_Jesus_Fernandez
2022,rider/Jordan_Kerby
2023,rider/Ludovic_Turpin
2024,rider/Viktor_Filutas
2025,rider/Adam_Hartley
2026,rider/Julio_Alberto_Amores
2027,rider/Mathias_Van_Gompel
2028,rider/Gregory_Henderson
2029,rider/Shahab_Jadidoleslami
2030,rider/Dexter_Gardias
2031,rider/Jure_Rupnik
2032,rider/Cristopher_Mansilla
2033,rider/Jose_Luis_Rivera
2034,rider/Behnam_Khalili
2035,rider/Jesus_Ezquerra_Muela
2036,rider/Geoffrey_Curran
2037,rider/Michael_Goolaerts
2038,rider/Axel_Flet
2039,rider/Remy_Rochas
2040,rider/Stevan_Klisuric
2041,rider/Michael_Freiberg
2042,rider/Van_Den_Dool
2043,rider/Oussama_Mansouri
2044,rider/nico_Brungger
2045,rider/Alexander_Cowan
2046,rider/Francisco_Lara
2047,rider/Christopher_Prendergast
2048,rider/Abderrahmane_Bechlagheme
2049,rider/Kelian_Duro
2050,rider/Adrian_Richeze
2051,rider/Jaber_Al_Mansoori
2052,rider/Alfredo_Esteban_Ajpacaja_Pax
2053,rider/Mohamad_Izzat_Hilmi_Abdul_Halil
2054,rider/Santiago_Montenegro
2055,rider/Majed_Albalooshi
2056,rider/Issiaka_Fofana
2057,rider/Sean_Whitfield
2058,rider/Marco_Molteni
2059,rider/Samuel_Hakiruwizeye
2060,rider/Talal_Al_Balooshi
2061,rider/Eduin_Becerra
2062,rider/Oliver_Kent_spark
2063,rider/Cristian_Serrano_Forero
2064,rider/Matvey_Zubov
2065,rider/Senne_Leysen
2066,rider/Aleksandr_Vlasov
2067,rider/Jose_Rodolfo_Serpa
2068,rider/Gabriel_Machado_Silva
2069,rider/Mark_O_Brien
2070,rider/nurbolat_Kulimbetov
2071,rider/Jaroslaw_Marycz
2072,rider/Pierre_Bonnet
2073,rider/Mamyr_Stash
2074,rider/Daniele_Colli
2075,rider/Fabio_Andres_Duarte
2076,rider/Anders_Hardahl
2077,rider/Alfdan_De_Decker
2078,rider/Marten_Kooistra
2079,rider/Caio_Mesquita
2080,rider/Jhonnatan_De_Leon
2081,rider/Sean_Mackinnon
2082,rider/Gatis_Smukulis
2083,rider/Stefano_Pirazzi
2084,rider/Lars_Petter_nordhaug
2085,rider/Freddy_Montana
2086,rider/Oscar_Soliz
2087,rider/Washington_Carvalho
2088,rider/Folkert_Oostra
2089,rider/Carlos_Becerra
2090,rider/Carlos_Torres
2091,rider/Samuel_Burston
2092,rider/Francis_Mourey
2093,rider/Gianluca_Miliani
2094,rider/Jarno_Mobach
2095,rider/Joao_Gabriel_Lisboa_Ferreira_Bastos
2096,rider/Gonzalo_Miranda
2097,rider/Clement_Orceau
2098,rider/nikita_Razumov
2099,rider/Hamish_Schreurs
2100,rider/Jeff_Vermeulen
2101,rider/Stefano_Moro
2102,rider/Scott_Auld
2103,rider/Brien_O_Conor
2104,rider/Sandor_Szalontay
2105,rider/Vlaszimir_Harakhavik
2106,rider/Roman_Lehky_
2107,rider/Tom_Dernies
2108,rider/Francesc_Zurita
2109,rider/Rick_Nobel
2110,rider/Leonardo_Basso
2111,rider/Abdul_Gani
2112,rider/Jeroen_Breewel
2113,rider/Cristian_Perez
2114,rider/Samuel_Blanco
2115,rider/Marko_Pavlic
2116,rider/Joey_Walker
2117,rider/Alemayehu_Tibebu
2118,rider/Sean_Mckenna
2119,rider/Salah_Ribah
2120,rider/Ho_San_Chiu
2121,rider/Jordi_Van_Dingenen
2122,rider/Jonas_Castrique
2123,rider/Jamalidin_nouardianto
2124,rider/Minato_Ryo
2125,rider/Bader_Mirza
2126,rider/Marlon_Gaillard
2127,rider/nestor_Pias
2128,rider/Loic_Chopier
2129,rider/Zisis_Soulios
2130,rider/Matteo_Badilatti
2131,rider/Ruben_Zepuntke
2132,rider/Mattia_Marcelli
2133,rider/Rasmus_Mygind
2134,rider/Ji_hun_Kim
2135,rider/Vadim_Galeyev
2136,rider/Sjoerd_Bax
2137,rider/Tedros_Redae
2138,rider/Mario_De_Carvalho
2139,rider/Marco_Arriagada
2140,rider/Derek_Gee
2141,rider/Sergio_Vega
2142,rider/Marcus_Christy
2143,rider/Bojan_Gunjevic
2144,rider/Miguel_Bryon
2145,rider/Etienne_Tortelier
2146,rider/Mitchell_Mulhern
2147,rider/Sergey_Luchshenko
2148,rider/Patricio_Baeza
2149,rider/Khaled_Mayouf
2150,rider/Richard_Haughton
2151,rider/Maxim_Piskunov
2152,rider/Simone_Ravanelli
2153,rider/Andrei_Krasilnikau
2154,rider/David_Askurava
2155,rider/Rens_Tulner
2156,rider/John_nava
2157,rider/Luke_Mudgway
2158,rider/Xuban_Errazkin_Perez
2159,rider/Tiago_Antunes
2160,rider/Felix_Gall
2161,rider/Mainor_Rojas
2162,rider/Andrei_Vrabii
2163,rider/Ayton_Muys
2164,rider/Pierre_Barbier
2165,rider/Felix_Intra
2166,rider/Cedric_Yannis_Locatin
2167,rider/Gerco_Pastoor
2168,rider/Irwandie_Lakasek
2169,rider/Walter_Escobar
2170,rider/Jose_Varela
2171,rider/Juan_Pablo_Magallanes
2172,rider/Eric_Marcotte
2173,rider/Rens_Te_Stroet
2174,rider/Hayato_Yoshida
2175,rider/Alexei_Shnyrko
2176,rider/Samuel_Pokala
2177,rider/Joni_Kanerva
2178,rider/Tom_Thill
2179,rider/Dylan_Kerfoot-Robson
2180,rider/Yudai_Arashiro
2181,rider/Michimasa_Nakai
2182,rider/Jose_Ramon_Infante
2183,rider/Maksim_Sukhov
2184,rider/Jacob_Sitler
2185,rider/Davide_Gabburo
2186,rider/Eric_Slack
2187,rider/Robbie_Van_Bakel
2188,rider/Felix_Alejandro_Baron
2189,rider/Abdelbaset_Hannachi
2190,rider/Jochem_Hoekstra
2191,rider/Carmelo_Foti
2192,rider/Adriaan_Janssen
2193,rider/Arnaud_Pfrimmer
2194,rider/Anton_Vorobyev
2195,rider/Mateo_Frankovic
2196,rider/Seonhoe_Bang
2197,rider/Matteo_Draperi
2198,rider/Mauricio_Knapp
2199,rider/Alonso_Miguel_Gamero_Zuniga
2200,rider/Moussa_Ndiaye
2201,rider/Niels_Van_Der_Pijl
2202,rider/Altanzul_Altansukh
2203,rider/Alvaro_Alvarez
2204,rider/Royner_navarro
2205,rider/Samir_Jabrayilov
2206,rider/Michael_Boros
2207,rider/Anton_Mikailov
2208,rider/Adrian_BABIC
2209,rider/Miguel_Eduardo_Florez
2210,rider/Callum_Ferguson
2211,rider/Gerry_Druyts
2212,rider/Cristian_Cornejo
2213,rider/nervin_Jiatz
2214,rider/Joseph_Biziyaremye
2215,rider/Andres_Soto
2216,rider/Martijn_Veling
2217,rider/Kaden_Groves
2218,rider/Jozsefattila_Malnasi
2219,rider/Nick_Kergozou
2220,rider/Abdelmalek_Madani
2221,rider/Luis_Sablon
2222,rider/Jhonatan_Ospina
2223,rider/Alexandre_Ballet
2224,rider/Maximiliano_Tapia
2225,rider/Arjan_Hofman
2226,rider/Gabriele_Bonechi
2227,rider/Bob_Van_Den_Hengel
2228,rider/Lukas_Schlemmer
2229,rider/Dominik_Hrinkow
2230,rider/Vladislav_Kulikov
2231,rider/Giovanni_Lovell
2232,rider/Kemal_Kucukbay
2233,rider/Francesco_Canepa
2234,rider/Dieter_Vanthourenhout
2235,rider/Brayan_Rios
2236,rider/Yuval_Ben_mordechay
2237,rider/Laert_Bregu
2238,rider/Luis_Afonso
2239,rider/Venantas_Lasinis
2240,rider/Evgeni_Gerganov
2241,rider/Antonio_Roberto_Cabrera
2242,rider/Projo_Waseso
2243,rider/Travis_Meyer
2244,rider/Oscar_Pinto
2245,rider/Andrea_Borso
2246,rider/Rogan_Dabrion
2247,rider/Izidor_Penko
2248,rider/Guy_Sessler
2249,rider/Eros_Colombo
2250,rider/Fridtjof_Rins
2251,rider/Abou_Sanogo
2252,rider/Kyaviro_Muhindo
2253,rider/Attilio_Viviani
2254,rider/Juan_Eduardo_Pereira 
2255,rider/Vasyl_Malynivskyi
2256,rider/Wilson_Renwick
2257,rider/Christian_Koch
2258,rider/Joao_Rodrigues
2259,rider/Twan_Van_Den_Brand
2260,rider/Munkhtulga_Erdenesuren
2261,rider/Danny_Osorio
2262,rider/Joris_nieuwenhuis
2263,rider/Jhonatan_Casillas
2264,rider/Xiaoyong_Dong
2265,rider/Josue_Alpizar
2266,rider/Primoz_Obal
2267,rider/Mark_Whyman
2268,rider/Robbe_Debuyck
2269,rider/Jose_Tito_Hernandez
2270,rider/Manuel_Bosch
2271,rider/Aria_Kiani
2272,rider/Daniel_Kinanira_Ischara
2273,rider/Badr_Iferd
2274,rider/Ronan_Racault
2275,rider/Kian_Hiang_Brian_Ng
2276,rider/David_Riviere
2277,rider/Luka_Cotar
2278,rider/Isak_Lundgren
2279,rider/Sondre_Kristiansen
2280,rider/Alejandro_Serna
2281,rider/Csaba_Palyi
2282,rider/Martin_Meiler
2283,rider/Fredy_Toc
2284,rider/Giovanni_Guglielmi
2285,rider/Matteo_Rotondi
2286,rider/James_Davey
2287,rider/Pierrick_naud
2288,rider/Angelo_Raffaele
2289,rider/Tobiasz_Pawlak
2290,rider/Arley_Montoya
2291,rider/Ronald_Geran
2292,rider/Ilya_Volkau
2293,rider/Alain_Quispe
2294,rider/Alan_Ramirez
2295,rider/Johan_Hemroulle
2296,rider/Evan_Carstens
2297,rider/Manuel_Sola
2298,rider/James_Mclaughlin
2299,rider/Filippo_Zaccanti
2300,rider/Carlos_Quintero
2301,rider/Franklin_Six
2302,rider/Daniel_Abreu
2303,rider/Alexey_Kurbatov
2304,rider/Bryan_Gomez
2305,rider/Huynh_Thanh
2306,rider/Abdulkadir_Kelleci
2307,rider/Luis_Lemus
2308,rider/Mauricio_Alberto_Ardila
2309,rider/Stefan_Poll
2310,rider/Yacine_Hamza
2311,rider/Jose_Marquez
2312,rider/Yeisson_Delgado
2313,rider/Sam_Bassetti
2314,rider/Becaye_Traore
2315,rider/Vitaliy_Popkov
2316,rider/Victor_Langellotti
2317,rider/Rafael_Montiel
2318,rider/Ephrem_Tuyishimire
2319,rider/Bruno_Araujo
2320,rider/Kibrom_Mehari
2321,rider/Jose_Vega
2322,rider/Bilker_Castro
2323,rider/Timon_Loderer
2324,rider/Jaka_Primozic
2325,rider/Jader_Betancur_Ortiz
2326,rider/Carlos_Ambrosius
2327,rider/Martin_Boubal
2328,rider/Fitri_Saharil
2329,rider/Gage_Hecht
2330,rider/Alessandro_Monaco
2331,rider/Jens_Adams
2332,rider/Luis_Alberto_Largo
2333,rider/Daniel_Aus_Fitter
2334,rider/Wilson_Haro
2335,rider/Pirmin_Lang
2336,rider/Franklin_Loaiza
2337,rider/Arne_De_Groote
2338,rider/Selamat_Juangga
2339,rider/Ingram_Cuff
2340,rider/Maxence_Moncassin
2341,rider/Gabriel_Ossyra
2342,rider/Michiel_Dieleman
2343,rider/Alexys_Brunel
2344,rider/Oskari_Vainionpaa
2345,rider/Tim_Diederich
2346,rider/Mohamad_Esmail_Chaichi
2347,rider/Toshiki_Omote
2348,rider/Rob_Squire
2349,rider/Thomas_nybo_Riis
2350,rider/Michael_Torckler
2351,rider/Rene_Corella
2352,rider/Vladimir_Ilchenko
2353,rider/Felix_Barker
2354,rider/Ethan_Hayter
2355,rider/Jonathan_Paredes
2356,rider/Andrea_Cacciotti
2357,rider/Sergio_Sousa
2358,rider/yecid_sierra
2359,rider/Joni_Brandao
2360,rider/Gino_Mader
2361,rider/Vladyslav_Soltasiuk
2362,rider/Robert_Sangulin
2363,rider/Carl_Soballa
2364,rider/Ivan_Sepulveda
2365,rider/Daniel_Habtemichael
2366,rider/Pablo_Mudarra
2367,rider/Bob_Olieslagers
2368,rider/Allan_Hernandez
2369,rider/Jaime_Alberto_Castaneda
2370,rider/Robin_Lowik
2371,rider/Lukas_Talacka
2372,rider/Othmane_Elafi
2373,rider/Jimi_Uwingeneya
2374,rider/Ismain_Lallouchi
2375,rider/Manabu_Ishibashi
2376,rider/Cristian_Stiven_Ruiz_Pelaez
2377,rider/Merijn_Korevaar
2378,rider/Dawit_Yemane
2379,rider/Pierre_Moncorge
2380,rider/Willy_Artus
2381,rider/Tom_Timmermans
2382,rider/Mohammed_Yousef_Al_Mansoori
2383,rider/Adam_Jamieson
2384,rider/Matic_Groselj
2385,rider/Alexandr_Kulikovskiy
2386,rider/Aleksandr_Komin
2387,rider/nicola_Genovese
2388,rider/Michael_Vanthourenhout
2389,rider/German_Bustamante
2390,rider/Sirak_Tesfom
2391,rider/Nicolas_Vergara
2392,rider/Bart_Dielissen
2393,rider/Massimo_Graziato
2394,rider/Dion_Beukeboom
2395,rider/Simon_Bigum
2396,rider/niels_nyborg_Broge
2397,rider/Leonardo_Moggio
2398,rider/Trond_Larsen
2399,rider/Mateusz_nowaczek
2400,rider/Eddier_Godinez
2401,rider/Julian_Braun
2402,rider/Martin_Freyer
2403,rider/Keegan_Swirbul
2404,rider/Behnam_Maleki
2405,rider/Marvin_Orlando_Angarita
2406,rider/nick_Van_Der_Meer
2407,rider/Mohammad_Saufi_Mat_Senan
2408,rider/Tuulkhangai_Tuguldur
2409,rider/Lukas_Ruegg
2410,rider/Andreas_Kron
2411,rider/Alexander_Kuesters
2412,rider/Yuri_Metlushenko
2413,rider/Afiq_Huznie_othman
2414,rider/Felipe_Penalosa
2415,rider/Eduardo_Estrada
2416,rider/Gerd_Fidler
2417,rider/Marcel_Neuhauser
2418,rider/Jonathan_Couanon
2419,rider/Mirco_Sartori
2420,rider/Hakon_Aalrust
2421,rider/Jean_Ruberwa
2422,rider/Florenz_Knauer
2423,rider/Cedric_Ramothe
2424,rider/Thomas_Umhaller
2425,rider/Michiel_Bel_Stockman
2426,rider/Lahcen_Saber
2427,rider/Masakazu_Ito
2428,rider/Andrea_Ruscetta
2429,rider/Andrzej_Bartkiewicz
2430,rider/Gabay_Guy
2431,rider/Sufaj_Altin
2432,rider/Nicolas_Sessler
2433,rider/Tomas_Kalojiros
2434,rider/Patryk_Gorecki
2435,rider/Leonid_Krasnov
2436,rider/Elliott_Doyle
2437,rider/Dario_Osorio
2438,rider/Scott_Bowden
2439,rider/Juan_Martin_Mesa
2440,rider/Bryan_Van_Rutten
2441,rider/Shawky_Islam
2442,rider/Ivo_Emanuel_Alves
2443,rider/Yuma_Koishi
2444,rider/Joeri_Calleeuw
2445,rider/Luis_Carlos_Chia_Bermudez
2446,rider/Islam_Ramadan
2447,rider/Armanto_Archimandritis
2448,rider/Olivier_Le_Court
2449,rider/Keon_Woo_Park
2450,rider/James_Pane
2451,rider/Jelle_Cant
2452,rider/Ahmed_Zaghloul
2453,rider/Daniele_Cazzola
2454,rider/Sergey_Vlassenko
2455,rider/Christopher_Williams
2456,rider/Daniel_Balsero
2457,rider/Vegard_Breen
2458,rider/Khalil_Khorshid
2459,rider/Alexandr_Ovsyannikov
2460,rider/Romain_Gioux
2461,rider/Marcos_Jurado
2462,rider/Raimondas_Rumsas
2463,rider/Hiroki_nishimura
2464,rider/Attila_Valter
2465,rider/Taras_Voropayev
2466,rider/Andreas_Hofer
2467,rider/Iver_Knotten
2468,rider/Hiu_Fung_Choi
2469,rider/Grzegorz_Kwiatkowski
2470,rider/Ronald_Javier_Gonzales
2471,rider/Alexander_Porter
2472,rider/Aron_Debretsion
2473,rider/Pavlo_Bondarenko
2474,rider/Stefan_Kreder
2475,rider/Josep_Miralles
2476,rider/Michael_Henao
2477,rider/Fredrik_Strand_Galta
2478,rider/Vladislav_Taranenko
2479,rider/Mohamed_Amine_Belabessi
2480,rider/Steffen_Christiansen
2481,rider/Thibault_Guernalec
2482,rider/Dimitri_Bussard
2483,rider/Johnatan_Fernando_Sarmiento
2484,rider/Miguel_Luis_alvarez
2485,rider/Marc_antoine_nadon
2486,rider/Velia_Olsian
2487,rider/Reinier_Honig
2488,rider/Ricardo_Javier_Hazbun
2489,rider/Pablo_Seisdedos
2490,rider/Andrei_Solomennikov
2491,rider/Matteo_natali
2492,rider/Mohd_Fauzan_Ahmad_Lutfi
2493,rider/Pablo_Reyes
2494,rider/Alessandro_Tonelli
2495,rider/Sergey_nikolaev
2496,rider/Yaser_Al_khafaji
2497,rider/Matthew_Brammeier
2498,rider/Joaquin_Corbalan
2499,rider/Serkan_Balkan
2500,rider/Ali_Abdul_Al_Rikabi
2501,rider/Cristian_Gutierrez
2502,rider/Julien_Guay
2503,rider/Hafetab_Weldu
2504,rider/Muhammed_Atalay
2505,rider/Maarten_De_Jonge
2506,rider/Alistair_Donohoe
2507,rider/Ahmed_Aldiwani
2508,rider/Sebastian_Caicedo
2509,rider/Yordsuwan_Setthawut
2510,rider/Masaki_Yamamoto
2511,rider/Enkhtaivan_Bolor_erdene
2512,rider/Leopold_Konig
2513,rider/Andrew_Fenn
2514,rider/Ayad_Ahmed
2515,rider/Danny_Pate
2516,rider/Lincoln_Do_Vale
2517,rider/Calvin_Watson
2518,rider/Abdulaa_Al_Rikabi
2519,rider/Akill_Campbell
2520,rider/Sean_Bennett
2521,rider/Morne_Van_niekerk
2522,rider/John_Edibberto_Martinez
2523,rider/Pedro_Autran_Dourado_Dutra_Nicacio
2524,rider/Felix_Pouilly
2525,rider/Kakeru_Mizutami
2526,rider/Kevin_Geniets
2527,rider/Raffaele_Radice
2528,rider/Oscar_Rodriguez
2529,rider/Joshua_Berry
2530,rider/Luis_Fernandes
2531,rider/Dalivier_Ospina
2532,rider/Khaled_Abdenbi
2533,rider/Andres_Rodriguez
2534,rider/Bart_Buijk
2535,rider/Alexander_Cataford
2536,rider/Phuchong_Sai_udomsin
2537,rider/Tomas_Okrouhlicky
2538,rider/Dimitri_Ilongo
2539,rider/Ziga_Rucigaj
2540,rider/Daniel_Rozo
2541,rider/Pedro_Herrera
2542,rider/nicklas_Boje 
2543,rider/Brecht_Stas
2544,rider/Hernan_Paredes
2545,rider/Sofian_nabil_Mohd_Bakri
2546,rider/Matt_Boys
2547,rider/Guus_Schoth
2548,rider/Yuto_Yoshida
2549,rider/Ben_Carman
2550,rider/Marc_Goos
2551,rider/Charalambos_Kathidjiotis
2552,rider/Wajdi_Homrani
2553,rider/William_Elliott
2554,rider/Agustin_C_Quinones_Velez
2555,rider/Tsun_Hin_Chiu
2556,rider/Anastasios_Kourmpetis
2557,rider/Frank_Vreugdenhil
2558,rider/Larry_Lutin
2559,rider/Rasmus_Byriel
2560,rider/Ben_Foster
2561,rider/Alexandre_Join
2562,rider/Jesse_Kerrison
2563,rider/Edward_Walsh
2564,rider/Daan_De_Groot_1
2565,rider/Jonathan_Mcevoy
2566,rider/Kevin_Perret
2567,rider/Fabio_Do_Rego_Pereira
2568,rider/Ghazzi_Bin_Krisna
2569,rider/Botond_Hollo
2570,rider/Saya_Kuroeda
2571,rider/Mohamed_Nizar_Essail
2572,rider/Hyo_Suk_Gong
2573,rider/Celso_Apjpacaja
2574,rider/Patrick_Byukusenge
2575,rider/Bob_Wubben
2576,rider/Jose_Cayetano_Sarmiento
2577,rider/Gabriele_Giannelli
